"","date","binding_score","escape_score"
"1","2020-01-29",0,0
"3","2020-01-30",0,0
"4","2020-01-31",0,0
"5","2020-02-03",0,0
"7","2020-02-04",0,0
"8","2020-02-12",0,0
"9","2020-02-20",0,0
"12","2020-02-21",0,0
"16","2020-02-22",0,0
"36","2020-02-23",0,0
"51","2020-02-24",0,0
"77","2020-02-25",0,0
"102","2020-02-26",0,0
"123","2020-02-27",0,0
"141","2020-02-28",0.0025,0.000100302604166667
"169","2020-02-29",0.00269662921348315,0.000108191573033708
"188","2020-03-01",0.00263736263736264,0.000105813736263736
"214","2020-03-02",0.00282352941176471,0.000113282941176471
"235","2020-03-03",0.0030379746835443,0.000121886708860759
"255","2020-03-04",0.001875,0.000144548263888889
"287","2020-03-05",0.00168224299065421,0.000129688161993769
"311","2020-03-06",-0.000461538461538462,3.26737179487179e-05
"330","2020-03-07",-0.000394736842105263,2.79446271929825e-05
"364","2020-03-08",-0.000402684563758389,2.85072706935123e-05
"402","2020-03-09",-0.000346820809248555,2.45525048169557e-05
"456","2020-03-10",-0.0302732240437158,2.32108378870674e-05
"505","2020-03-11",-0.0299453551912568,0
"528","2020-03-12",-0.0330120481927711,0
"573","2020-03-13",-0.0338064516129032,6.21229032258065e-05
"607","2020-03-14",-0.0366433566433566,6.7336013986014e-05
"644","2020-03-15",-0.0344736842105263,6.33490131578947e-05
"659","2020-03-16",-0.0344736842105263,6.33490131578947e-05
"688","2020-03-17",0.00143712574850299,5.76589820359281e-05
"718","2020-03-18",0.00142011834319527,5.69766272189349e-05
"755","2020-03-19",0.00137931034482759,5.5339367816092e-05
"808","2020-03-20",0,0
"857","2020-03-21",0,0
"901","2020-03-22",0,0
"923","2020-03-23",0,0
"960","2020-03-24",0,0
"991","2020-03-25",0,0
"1013","2020-03-26",0,0
"1072","2020-03-27",0,0
"1092","2020-03-28",0.000181818181818182,3.99207070707071e-05
"1108","2020-03-29",0.000172413793103448,3.78558429118774e-05
"1122","2020-03-30",0,8.07367149758454e-05
"1146","2020-03-31",0,6.8775720164609e-05
"1176","2020-04-01",0,6.75252525252525e-05
"1202","2020-04-02",-0.00261904761904762,0.000243264880952381
"1227","2020-04-03",-0.00440993788819876,0.000284200310559006
"1269","2020-04-04",-0.00473684210526316,0.000290294462719298
"1285","2020-04-05",-0.0045859872611465,0.000281049416135881
"1304","2020-04-06",-0.00398773006134969,0.00030356354805726
"1320","2020-04-07",-0.00492424242424242,0.000374854987373737
"1338","2020-04-08",-0.0082312925170068,0.000438503911564626
"1367","2020-04-09",-0.00524475524475524,0.000277543123543124
"1398","2020-04-10",-0.00324324324324324,0.000235141328828829
"1408","2020-04-11",-0.00337837837837838,0.000201658727477477
"1440","2020-04-12",-0.00384615384615385,0.000229580705128205
"1454","2020-04-13",-0.00413223140495868,0.000351007506887052
"1474","2020-04-14",-0.00423728813559322,0.000359931426553672
"1492","2020-04-15",0.000631578947368421,0.000289396754385965
"1506","2020-04-16",0.000434782608695652,0.000244970289855072
"1527","2020-04-17",0.000476190476190476,0.000268300793650794
"1535","2020-04-18",0.000465116279069767,0.000262061240310078
"1543","2020-04-19",-0.000121951219512195,0.000375108943089431
"1553","2020-04-20",-0.000694444444444444,0.000114189814814815
"1564","2020-04-21",-0.00072463768115942,0.000119154589371981
"1583","2020-04-22",-0.000746268656716418,0.00012271144278607
"1591","2020-04-23",-0.000833333333333333,0.000137027777777778
"1602","2020-04-24",-0.00072463768115942,0.000119154589371981
"1606","2020-04-25",-0.00442622950819672,0.00509810382513661
"1612","2020-04-26",-0.00354838709677419,0.0048832688172043
"1615","2020-04-27",-0.00366666666666667,0.00504604444444444
"1636","2020-04-28",-0.00349206349206349,0.00480575661375661
"1647","2020-04-29",-0.00323529411764706,0.00445239215686275
"1655","2020-04-30",-0.00301369863013699,0.00414743378995434
"1663","2020-05-01",-0.00354838709677419,0.0048832688172043
"1670","2020-05-02",0,0
"1681","2020-05-03",0.001,0.00595749833333333
"1692","2020-05-04",0.00111111111111111,0.00661944259259259
"1701","2020-05-05",0.00111111111111111,0.00661944259259259
"1703","2020-05-06",0.00147058823529412,0.00876102696078431
"1708","2020-05-07",0.00166666666666667,0.00992916388888889
"1711","2020-05-08",0.00208333333333333,0.0124114548611111
"1718","2020-05-10",0.00227272727272727,0.0135397689393939
"1722","2020-05-11",0.00172413793103448,0.0102715488505747
"1726","2020-05-12",0.00208333333333333,0.0124114548611111
"1727","2020-05-13",0.00166666666666667,0.00992916388888889
"1732","2020-05-14",0.00178571428571429,0.0106383898809524
"1743","2020-05-15",0.00185185185185185,0.0110324043209877
"1745","2020-05-16",0.00178571428571429,0.0106383898809524
"1753","2020-05-17",0.002,0.0119149966666667
"1757","2020-05-18",0.00333333333333333,0.0198583277777778
"1759","2020-05-19",0.00357142857142857,0.0212767797619048
"1760","2020-05-20",0.00454545454545455,0.0270795378787879
"1762","2020-05-22",0.00625,0.0372343645833333
"1763","2020-05-23",0.00714285714285714,0.0425535595238095
"1766","2020-05-24",0.0214285714285714,0.0439059404761905
"1767","2020-05-27",0.03,0.0614683166666667
"1769","2020-05-28",0.0375,0.0768353958333333
"1770","2020-05-30",0.01875,0.0384176979166667
"1771","2020-06-01",0,0
"1773","2020-06-02",0,0
"1775","2020-06-03",-0.0126086956521739,0.000438759420289855
"1777","2020-06-04",-0.00935483870967742,0.000325531182795699
"1785","2020-06-05",-0.0180645161290323,0.0026753064516129
"1787","2020-06-06",-0.0180645161290323,0.0026753064516129
"1795","2020-06-07",-0.0180645161290323,0.0026753064516129
"1803","2020-06-08",-0.0207407407407407,0.00307164814814815
"1806","2020-06-09",-0.0155555555555556,0.00230373611111111
"1808","2020-06-10",-0.02,0.00907744833333333
"1811","2020-06-11",-0.0272727272727273,0.0123783386363636
"1815","2020-06-12",-0.0136363636363636,0.019640821969697
"1825","2020-06-13",-0.0136363636363636,0.019640821969697
"1828","2020-06-15",-0.0115384615384615,0.0166191570512821
"1834","2020-06-16",-0.0176470588235294,0.0254175343137255
"1837","2020-06-17",0.00166666666666667,0.0129232037037037
"1847","2020-06-19",0,0
"1848","2020-06-20",0,0
"1851","2020-06-21",0,0
"1852","2020-06-22",0,0
"1855","2020-06-24",0,0
"1858","2020-06-25",0,0
"1860","2020-06-26",0,0
"1866","2020-06-27",0,0
"1871","2020-06-28",0,0
"1889","2020-06-29",0,0
"1930","2020-06-30",0,0
"1934","2020-07-01",0,0
"1941","2020-07-02",0,0
"1952","2020-07-03",0,0
"1954","2020-07-04",0,0
"1955","2020-07-05",0,0
"1956","2020-07-06",0,0
"1960","2020-07-07",0,0
"1972","2020-07-08",0,0
"1973","2020-07-09",0,0
"1974","2020-07-10",0,0
"1975","2020-07-13",0,0
"1978","2020-07-14",0,0
"1981","2020-07-15",0,0
"1982","2020-07-17",-0.0158823529411765,0.000287514705882353
"1986","2020-07-18",-0.015,0.000271541666666667
"1990","2020-07-20",-0.010952380952381,0.000714853174603175
"1997","2020-07-21",-0.010952380952381,0.000714853174603175
"1999","2020-07-22",-0.0135294117647059,0.000883053921568627
"2000","2020-07-23",-0.0127777777777778,0.00083399537037037
"2003","2020-07-24",0.00333333333333333,0.000843680555555556
"2010","2020-07-26",0.00363636363636364,0.000920378787878788
"2011","2020-07-27",0,0
"2012","2020-07-28",0,0
"2014","2020-08-01",0,0
"2015","2020-08-02",0.01,0.0204894388888889
"2017","2020-08-03",0.009375,0.0192088489583333
"2021","2020-08-04",0.0075,0.0153670791666667
"2025","2020-08-05",0.0075,0.0153670791666667
"2029","2020-08-06",0.00833333333333333,0.0170745324074074
"2030","2020-08-07",0.00375,0.01944398125
"2035","2020-08-08",0.000714285714285716,0.0232135702380952
"2036","2020-08-10",-0.0135714285714286,0.0143623946428571
"2038","2020-08-11",-0.0172727272727273,0.0182794113636364
"2040","2020-08-12",-0.0158333333333333,0.0167561270833333
"2042","2020-08-13",-0.0158333333333333,0.0167561270833333
"2045","2020-08-14",-0.00625,0.0123319630208333
"2046","2020-08-15",-0.00263157894736842,0.00965395394736842
"2048","2020-08-17",0.00148148148148148,0.000374969135802469
"2054","2020-08-18",-0.01,0.000349109195402299
"2060","2020-08-19",-0.00935483870967742,0.000326586021505376
"2063","2020-08-20",-0.00979166666666667,0.000632760416666667
"2073","2020-08-21",-0.0094,0.00060745
"2076","2020-08-22",-0.00839285714285714,0.000542366071428571
"2081","2020-08-23",-0.00463768115942029,0.00489440700483092
"2098","2020-08-24",-0.0059016393442623,0.00537032650273224
"2106","2020-08-25",-0.00276595744680851,0.0035893865248227
"2118","2020-08-26",-0.00270833333333333,0.00351460763888889
"2134","2020-08-27",-0.000975609756097561,0.00386773170731707
"2136","2020-08-28",-0.00105263157894737,0.00417307894736842
"2172","2020-08-29",-0.000289855072463768,0.00466219770531401
"2178","2020-08-30",-0.0025,0.000211030269607843
"2181","2020-08-31",-0.00114583333333333,0.000196746875
"2183","2020-09-01",0.00171428571428571,0.000129646904761905
"2188","2020-09-02",0.00181818181818182,0.000137504292929293
"2204","2020-09-03",0.00169014084507042,0.000127820892018779
"2235","2020-09-04",0.00434210526315789,0.00422308563596491
"2245","2020-09-05",0.003375,0.00395521083333333
"2247","2020-09-06",0.00321428571428571,0.00376686746031746
"2255","2020-09-07",0.00445945945945946,0.00433722308558559
"2263","2020-09-08",0.007125,0.0042388134375
"2272","2020-09-09",0.00670588235294118,0.00398947147058824
"2292","2020-09-10",0.00695121951219512,0.00413542774390244
"2314","2020-09-11",0.00593406593406593,0.000448777747252747
"2330","2020-09-12",0.00368,0.000438487533333333
"2338","2020-09-13",0.00416,0.000474788666666667
"2344","2020-09-14",0.00389380530973451,0.000534490855457227
"2360","2020-09-15",0.00204081632653061,0.000431090816326531
"2402","2020-09-16",0.00279569892473118,0.00050305958781362
"2425","2020-09-17",0.0026,0.000467845416666667
"2435","2020-09-18",0.000888888888888889,0.000368573518518519
"2436","2020-09-19",0.00280701754385965,0.000336832456140351
"2438","2020-09-20",0.002,0.000293236166666667
"2452","2020-09-21",0.00122448979591837,9.26049319727891e-05
"2461","2020-09-22",0.00230769230769231,0.000174524679487179
"2472","2020-09-23",0.00117647058823529,8.89733660130719e-05
"2485","2020-09-24",0.00153846153846154,0.000116349786324786
"2494","2020-09-25",0.00130434782608696,9.8644384057971e-05
"2499","2020-09-26",0.00127659574468085,9.65455673758865e-05
"2500","2020-09-28",0.00428571428571429,0.000831193849206349
"2515","2020-09-29",0.0027906976744186,0.000706337209302326
"2525","2020-09-30",0.00206896551724138,0.000523663793103448
"2531","2020-10-01",0.00193548387096774,0.000489879032258065
"2541","2020-10-02",0.00218181818181818,0.000552227272727273
"2546","2020-10-03",0.00392156862745098,0.000992565359477124
"2563","2020-10-04",0.00571428571428571,0.00106600208333333
"2567","2020-10-05",0.00492307692307692,0.000590752307692308
"2573","2020-10-06",0.00723684210526316,0.00203595054824561
"2579","2020-10-07",0.00753424657534247,0.00211961974885845
"2591","2020-10-08",0.005875,0.0020645515625
"2608","2020-10-09",0.00654761904761905,0.00220729117063492
"2626","2020-10-10",0.00552083333333333,0.00176772673611111
"2640","2020-10-11",0.00409523809523809,0.00209865007936508
"2652","2020-10-12",0.0037962962962963,0.00209208132716049
"2664","2020-10-13",0.00224299065420561,0.00106681386292835
"2683","2020-10-14",0.0024,0.00114149083333333
"2704","2020-10-15",0.0032,0.001037172
"2724","2020-10-16",0.00714285714285714,0.0011740787202381
"2739","2020-10-17",0.00740740740740741,0.00121756311728395
"2746","2020-10-18",0.00763636363636364,0.001701065
"2760","2020-10-19",0.00816326530612245,0.00180605085034014
"2782","2020-10-20",0.00840909090909091,0.00195971979166667
"2797","2020-10-21",0.0110112359550562,0.0020458920411985
"2823","2020-10-22",0.0113953488372093,0.00211726036821705
"2833","2020-10-23",0.00699248120300752,0.00450552988721804
"2840","2020-10-24",0.00849056603773585,0.00466712169811321
"2849","2020-10-25",0.00845849802371542,0.0054600847826087
"2858","2020-10-26",0.0113868613138686,0.00594825142944039
"3061","2020-10-27",0.0113454545454545,0.00592662142424243
"3075","2020-10-28",0.0106569343065693,0.00595005842457421
"3088","2020-10-29",0.0104285714285714,0.00582255717261905
"3119","2020-10-30",0.0195121951219512,0.00557279363143631
"3128","2020-10-31",0.0140372670807453,0.00416963519668737
"3136","2020-11-01",0.0135978835978836,0.00235558844797178
"3151","2020-11-02",0.00829787234042553,0.00107310709219858
"3199","2020-11-03",0.00882051282051282,0.00113304401709402
"3253","2020-11-04",0.00892307692307692,0.00110439517094017
"3295","2020-11-05",0.00950819672131148,0.00117681452641166
"3325","2020-11-06",0.00622516556291391,0.000694571026490066
"3340","2020-11-07",0.0113821138211382,0.00842757953929539
"3348","2020-11-08",0.0119230769230769,0.0097826233974359
"3351","2020-11-09",0.0149411764705882,0.0119110055882353
"3367","2020-11-10",0.015,0.0111429452777778
"3391","2020-11-11",0.0121052631578947,0.00888035153508772
"3411","2020-11-12",0.0111627906976744,0.00788292803617571
"3424","2020-11-13",0.00926470588235294,0.00744296642156863
"3444","2020-11-14",0.00338235294117647,0.000551485968137255
"3474","2020-11-15",0.00169354838709677,0.000519400806451613
"3491","2020-11-16",0.00372262773722628,0.000573521107055961
"3511","2020-11-17",0.00439716312056738,0.00119916660756501
"3536","2020-11-18",0.00452991452991453,0.00132521239316239
"3544","2020-11-19",0.00485714285714286,0.00152987023809524
"3569","2020-11-20",0.00428571428571429,0.00170719829931973
"3591","2020-11-21",0.00494505494505494,0.0015837706043956
"3597","2020-11-22",0.00605042016806723,0.00218443242296919
"3602","2020-11-23",0.00551724137931034,0.00232342981321839
"3615","2020-11-24",0.00389312977099237,0.00147416641221374
"3631","2020-11-25",0.00463235294117647,0.00148669914215686
"3667","2020-11-26",0.00427536231884058,0.00139178925120773
"3686","2020-11-27",0.00575342465753425,0.00133999086757991
"3724","2020-11-28",0.00636363636363636,0.00187350227272727
"3736","2020-11-29",0.00863636363636364,0.00146419873737374
"3745","2020-11-30",0.0072463768115942,0.00137525706521739
"3768","2020-12-01",0.00879310344827586,0.00151446063218391
"3793","2020-12-02",0.00888888888888889,0.00163579594017094
"3806","2020-12-03",0.00920353982300885,0.00169370022123894
"3832","2020-12-04",0.0112380952380952,0.00177481301587302
"3849","2020-12-05",0.0105555555555556,0.0010012638117284
"3861","2020-12-06",0.00680851063829787,0.000737358983451537
"3865","2020-12-07",0.0155414012738853,0.00114896560509554
"3880","2020-12-08",0.013804347826087,0.00116138573369565
"3908","2020-12-09",0.0127918781725888,0.00100499636209814
"3954","2020-12-10",0.012843137254902,0.00104238280228758
"3995","2020-12-11",0.0137344398340249,0.00125184616182573
"4037","2020-12-12",0.0204417670682731,0.00202046613119143
"4066","2020-12-13",0.0243265306122449,0.00334824850340136
"4077","2020-12-14",0.015794701986755,0.00377589445364238
"4127","2020-12-15",0.0180904522613065,0.00814741721105528
"4164","2020-12-16",0.0192417061611374,0.00832252428909953
"4207","2020-12-17",0.0197362637362637,0.00829718716117216
"4305","2020-12-18",0.0249606299212598,0.00882513538385827
"4447","2020-12-19",0.0216152450090744,0.00888049506957048
"4498","2020-12-20",0.0234358974358974,0.00963234088319088
"4543","2020-12-21",0.0285384615384615,0.010209271650641
"4647","2020-12-22",0.0325974025974026,0.00826698963203463
"4725","2020-12-23",0.0331621621621622,0.00903788637387387
"4801","2020-12-24",0.0327272727272727,0.0097084669047619
"4838","2020-12-25",0.0381553398058252,0.0106350642192557
"4841","2020-12-26",0.0528640776699029,0.00992089209142395
"4877","2020-12-27",0.0599186991869919,0.00852906781842818
"4936","2020-12-28",0.0639612188365651,0.00879001512003694
"5067","2020-12-29",0.0628150134048257,0.00865229235924933
"5149","2020-12-30",0.0676151761517615,0.00795236395663957
"5183","2020-12-31",-0.0614285714285714,0.0527463103809524
"5209","2021-01-01",-0.0969924812030075,0.0666975133458647
"5227","2021-01-02",-0.121652542372881,0.0764649108757062
"5260","2021-01-03",-0.12521186440678,0.0763040531073446
"5303","2021-01-04",-0.0925324675324675,0.068776273538961
"5352","2021-01-05",-0.0604787234042553,0.0637687359707447
"5404","2021-01-06",-0.0438913043478261,0.0581529261956522
"5437","2021-01-07",0.0580044843049327,0.0256291789237668
"5536","2021-01-08",0.0527426160337553,0.0231017849331927
"5627","2021-01-09",0.0469033530571992,0.0228433204635108
"5744","2021-01-10",0.0443833333333333,0.0219878630972222
"5769","2021-01-11",0.0497402597402597,0.0199377060741342
"5857","2021-01-12",0.0470096463022508,0.0205282355841372
"5941","2021-01-13",0.0492432432432432,0.0200182815465465
"6069","2021-01-14",0.0491932773109244,0.0176451553921569
"6184","2021-01-15",0.058169014084507,0.0188829534428795
"6274","2021-01-16",0.0689197530864197,0.0184587897633745
"6321","2021-01-17",0.0735030864197531,0.0198100621013374
"6386","2021-01-18",0.0755865102639296,0.0204320090420332
"6504","2021-01-19",0.0807242339832869,0.0184568587743733
"6597","2021-01-20",0.0823428571428571,0.0187234408095238
"6724","2021-01-21",0.0858358662613982,0.0203930757345491
"6872","2021-01-22",0.0861101549053356,0.0205689477481354
"7002","2021-01-23",0.0837686567164179,0.0218067446050995
"7036","2021-01-24",0.0956629213483146,0.0236593754494382
"7060","2021-01-25",0.101009174311927,0.0265844976299694
"7102","2021-01-26",0.109466666666667,0.029422044962963
"7154","2021-01-27",0.1106,0.0298129759166667
"7189","2021-01-28",0.122319587628866,0.0284694883161512
"7222","2021-01-29",0.12256,0.0408706904666667
"7249","2021-01-30",0.126590909090909,0.0387687622474747
"7257","2021-01-31",0.148803245436105,0.0293517842630156
"7274","2021-02-01",0.161902777777778,0.0219870866319444
"7372","2021-02-02",0.158920595533499,0.0243121782464847
"7433","2021-02-03",0.155578947368421,0.0294593789961014
"7710","2021-02-04",0.152166476624857,0.0328280344640821
"7979","2021-02-05",0.155080321285141,0.0289248172941767
"8091","2021-02-06",0.153467189030362,0.0316856091740124
"8145","2021-02-07",0.135833333333333,0.0716308710836563
"8186","2021-02-08",0.118068812430633,0.087494923409175
"8410","2021-02-09",0.109204737732657,0.0695065770445572
"8498","2021-02-10",0.109541800643087,0.0638722235932476
"8793","2021-02-11",0.110803149606299,0.0610722789370079
"8921","2021-02-12",0.109174757281553,0.0617454273867314
"9313","2021-02-13",0.109261744966443,0.0601353130064628
"9431","2021-02-14",0.112873851294904,0.0331578833263715
"9496","2021-02-15",0.124369127516779,0.0340792065883669
"9702","2021-02-16",0.130923994038748,0.0384737889530551
"9899","2021-02-17",0.133798561151079,0.0399590601019185
"10045","2021-02-18",0.130243055555556,0.0422412890798611
"10532","2021-02-19",0.133197903014417,0.04402288531564
"10781","2021-02-20",0.139420289855072,0.0416106467601344
"10956","2021-02-21",0.145897435897436,0.0393248062015504
"11077","2021-02-22",0.146328947368421,0.0367972608004386
"11353","2021-02-23",0.15419878296146,0.0369615303189092
"11610","2021-02-24",0.155348058902276,0.0354986074743418
"11840","2021-02-25",0.162130177514793,0.0319806674446636
"12109","2021-02-26",0.164717607973422,0.0320234072535991
"12314","2021-02-27",0.165617685305592,0.0406283430537495
"12495","2021-02-28",0.1695337995338,0.0376591513403263
"12640","2021-03-01",0.172899649941657,0.0395961011814469
"12897","2021-03-02",0.177091836734694,0.0384981001936886
"13182","2021-03-03",0.172886710239651,0.0407780557007988
"13599","2021-03-04",0.175309033280507,0.0411722182030287
"13870","2021-03-05",0.158273381294964,0.0463641331577595
"14132","2021-03-06",0.161470152935372,0.0428042925711232
"14395","2021-03-07",0.160069333333333,0.0445597676533333
"14601","2021-03-08",0.162402597402597,0.0430131793515512
"14926","2021-03-09",0.162337324310255,0.0438554711998959
"15308","2021-03-10",0.173431510051426,0.0392896123889668
"15562","2021-03-11",0.177198964177816,0.0394570855200691
"15799","2021-03-12",0.192227956989247,0.0366600340143369
"16130","2021-03-13",0.183475091130012,0.0428843112258674
"16605","2021-03-14",0.187798295454545,0.0416778580522017
"16985","2021-03-15",0.190844632768362,0.0413560058286252
"17302","2021-03-16",0.19056080283353,0.0421278471541716
"17819","2021-03-17",0.190053458068827,0.0450895831495712
"18427","2021-03-18",0.187679516250945,0.0462088946176619
"19565","2021-03-19",0.189100762745885,0.0461980265790178
"19749","2021-03-20",0.200104783599089,0.0391138923044799
"19829","2021-03-21",0.197306637410861,0.0420455301334796
"19860","2021-03-22",0.19675572519084,0.0439855177083333
"20022","2021-03-23",0.20698512137823,0.0351764085552075
"20237","2021-03-24",0.209966532797858,0.0327710223951361
"20468","2021-03-25",0.210071942446043,0.0329147543764988
"20652","2021-03-26",0.211087866108787,0.0323575426280135
"21058","2021-03-27",0.213866150442478,0.0314371949253319
"21351","2021-03-28",0.215774798927614,0.0303805033690795
"21419","2021-03-29",0.215706440339491,0.0307817641828923
"21731","2021-03-30",0.215418163160595,0.0336335164742603
"22079","2021-03-31",0.214738562091503,0.0348112091730211
"22422","2021-04-01",0.215228398458998,0.0345262956751055
"22744","2021-04-02",0.217259585166562,0.0326427878640268
"23093","2021-04-03",0.21713551701991,0.0342563653286234
"23274","2021-04-04",0.212940438871473,0.0391919753866249
"23323","2021-04-05",0.215642946317104,0.0385187338379109
"23400","2021-04-06",0.214311868686869,0.0403297767255892
"23721","2021-04-07",0.215236703682057,0.039533756015001
"24049","2021-04-08",0.214607566346697,0.0407519410267269
"24385","2021-04-09",0.215798816568047,0.0406396625780736
"24719","2021-04-10",0.2180078125,0.038915699987793
"25026","2021-04-11",0.220933268858801,0.0364364436411992
"25136","2021-04-12",0.219716168271668,0.0374843420045616
"25486","2021-04-13",0.221615789473684,0.0356013486140351
"25822","2021-04-14",0.221851028349083,0.0359864035528998
"26172","2021-04-15",0.222222222222222,0.0364287041058736
"26408","2021-04-16",0.220717781402936,0.0380724779182527
"26668","2021-04-17",0.218238074774388,0.0398226837702335
"26874","2021-04-18",0.218342312474099,0.0414557021273657
"26969","2021-04-19",0.217714987714988,0.0429219595891346
"27375","2021-04-20",0.216234963913392,0.044808090039428
"28388","2021-04-21",0.216954635108481,0.0442348157264957
"28818","2021-04-22",0.217040252565114,0.0439352491581163
"29083","2021-04-23",0.2171375,0.0443299943819444
"29397","2021-04-24",0.217198228128461,0.0468229300203027
"29650","2021-04-25",0.214134802333117,0.0490196634532296
"29738","2021-04-26",0.213486111111111,0.0518188909780093
"29997","2021-04-27",0.212223837209302,0.0526424492308624
"30238","2021-04-28",0.206611374407583,0.0579318984004739
"30424","2021-04-29",0.206197628458498,0.0578216633069829
"30582","2021-04-30",0.199636363636364,0.0644464281636364
"30840","2021-05-01",0.197007751937984,0.067853312370801
"30979","2021-05-02",0.197096774193548,0.0695113276113671
"31066","2021-05-03",0.199566145092461,0.0633807163406828
"31439","2021-05-04",0.197635951661631,0.0664312270015106
"31587","2021-05-05",0.199256756756757,0.0663210897084585
"31771","2021-05-06",0.200866715222141,0.0641827877943676
"32036","2021-05-07",0.202848639455782,0.0652809785856009
"32203","2021-05-08",0.203459227467811,0.0661299548783977
"32350","2021-05-09",0.205,0.0648082825925926
"32480","2021-05-10",0.20089497716895,0.072813589261796
"32670","2021-05-11",0.199283720930233,0.0761359593565892
"32807","2021-05-12",0.198348530901722,0.0787852470618034
"33079","2021-05-13",0.194994375703037,0.0869776833333333
"33185","2021-05-14",0.195755258126195,0.0851078081341619
"33337","2021-05-15",0.19792510742787,0.0787026952373644
"33392","2021-05-16",0.194942455242967,0.0827109800618073
"33424","2021-05-17",0.195525487728131,0.0818058380060835
"33764","2021-05-18",0.196583541147132,0.0811228600010391
"34635","2021-05-19",0.196812039312039,0.0803632469850532
"34842","2021-05-20",0.196066379840197,0.0813827484787953
"34967","2021-05-21",0.194597701149425,0.0822710547234195
"35126","2021-05-22",0.187742718446602,0.0893459829288026
"35206","2021-05-23",0.191845386533666,0.082572382741064
"35235","2021-05-24",0.186330845771144,0.086714799803068
"35336","2021-05-25",0.182280471821756,0.0900201948995194
"35483","2021-05-26",0.178399470899471,0.0984671542989418
"35672","2021-05-27",0.18041312272175,0.095366282108141
"35795","2021-05-28",0.181169305724726,0.094027707683719
"35911","2021-05-29",0.181211372064277,0.097713271487433
"35982","2021-05-30",0.174128440366972,0.107716942711519
"36081","2021-05-31",0.174025423728814,0.102688782368173
"36172","2021-06-01",0.169506493506493,0.112942482813853
"36311","2021-06-02",0.173812423873325,0.104539554252944
"36336","2021-06-03",0.168613989637306,0.109590166947323
"36522","2021-06-04",0.166882966396292,0.109534064059482
"36703","2021-06-05",0.159745454545455,0.111074864282828
"36830","2021-06-06",0.160759637188209,0.109696816156463
"36881","2021-06-07",0.158683886838868,0.117261525
"37066","2021-06-08",0.15613698630137,0.112735639920091
"37170","2021-06-09",0.147365356622999,0.121861670608928
"37257","2021-06-10",0.145280575539568,0.124946621822542
"37374","2021-06-11",0.137590551181102,0.130929789461942
"37472","2021-06-12",0.135335413416537,0.138001350650026
"37556","2021-06-13",0.131055718475073,0.142594373069404
"37614","2021-06-14",0.133198198198198,0.137740997635135
"37747","2021-06-15",0.133460410557185,0.139142617888563
"37856","2021-06-16",0.132552870090634,0.13979035908862
"37988","2021-06-17",0.13471875,0.135130794830729
"38081","2021-06-18",0.140721220527046,0.13455140332871
"38200","2021-06-19",0.141229674796748,0.135818675
"38262","2021-06-20",0.145161606268364,0.136069984533137
"38297","2021-06-21",0.143037974683544,0.136090300957481
"38509","2021-06-22",0.142487512487512,0.137193212304362
"38920","2021-06-23",0.141651031894934,0.138406770231395
"39094","2021-06-24",0.14245871559633,0.136651699074924
"39199","2021-06-25",0.139814814814815,0.13756132861436
"39286","2021-06-26",0.130479115479115,0.138517073525799
"39424","2021-06-27",0.11886524822695,0.140028236810481
"39493","2021-06-28",0.112840172786177,0.145464252168826
"39657","2021-06-29",0.108967280163599,0.147811770202795
"39829","2021-06-30",0.103568421052632,0.150757284885965
"40029","2021-07-01",0.100626992561105,0.152665756553312
"40213","2021-07-02",0.096974358974359,0.150992752666667
"40356","2021-07-03",0.0936263736263736,0.155286220121545
"40477","2021-07-04",0.0865725047080979,0.160373746249215
"40538","2021-07-05",0.0792183517417162,0.169355620135939
"40780","2021-07-06",0.0754841208365608,0.168194493570875
"40990","2021-07-07",0.0719455511288181,0.166813413916556
"41266","2021-07-08",0.0699676165803109,0.16828616695272
"41573","2021-07-09",0.0651360103626943,0.174419034801382
"41844","2021-07-10",0.063821892393321,0.175044323469388
"42171","2021-07-11",0.0630817610062893,0.17347189389413
"42264","2021-07-12",0.0623255813953488,0.169762775188415
"42483","2021-07-13",0.0583112791430372,0.17254458463033
"42778","2021-07-14",0.0578616796047989,0.173850563502705
"43058","2021-07-15",0.0577134986225895,0.173575304103535
"43412","2021-07-16",0.0538262370540852,0.174004954929037
"43730","2021-07-17",0.0526371006199332,0.173938583528056
"43882","2021-07-18",0.0501869158878505,0.175846489855919
"44030","2021-07-19",0.0482622085349758,0.176648227859657
"44636","2021-07-20",0.0481451612903226,0.176620678593453
"45366","2021-07-21",0.0464988962472406,0.177131716118469
"45731","2021-07-22",0.0468502503413746,0.176591859975724
"46136","2021-07-23",0.0467533718689788,0.176707702805877
"46278","2021-07-24",0.0449208359721343,0.177622383512772
"46589","2021-07-25",0.0446164109406271,0.177694555259062
"46707","2021-07-26",0.0455942219304005,0.177081764554607
"47204","2021-07-27",0.0460253968253968,0.176422309232804
"47442","2021-07-28",0.0478362133734035,0.175270923860506
"47771","2021-07-29",0.046646248085758,0.17625636717075
"48289","2021-07-30",0.0465116279069767,0.175748656844961
"48605","2021-07-31",0.0438439306358381,0.176704118930636
"48668","2021-08-01",0.0433410852713178,0.177049170594315
"48702","2021-08-02",0.0416289198606272,0.177829120876887
"48890","2021-08-03",0.0414986376021798,0.177794493316682
"49407","2021-08-04",0.0410701438848921,0.177879413953837
"49689","2021-08-05",0.0408699551569507,0.17773318445441
"50043","2021-08-06",0.0414335664335664,0.17763120354021
"50220","2021-08-07",0.0427189988623436,0.177214907309443
"50404","2021-08-08",0.0420746887966805,0.177361504849585
"50444","2021-08-09",0.0372304995617879,0.178419505528776
"50600","2021-08-10",0.0367254408060453,0.179046922935908
"50938","2021-08-11",0.0366417290108063,0.179062093155999
"51168","2021-08-12",0.0368253968253968,0.179202976211362
"51695","2021-08-13",0.0364,0.179390194437908
"51925","2021-08-14",0.0360032232070911,0.179545878881279
"52006","2021-08-15",0.0358684210526316,0.179598022361111
"52034","2021-08-16",0.0384117647058824,0.180004764833333
"52287","2021-08-17",0.0391392405063291,0.17952518971519
"52500","2021-08-18",0.0380956761729531,0.179137351939589
"52606","2021-08-19",0.0378546409807356,0.179490905954466
"52831","2021-08-20",0.0374193548387097,0.179509005277306
"53058","2021-08-21",0.0357375,0.179928876520833
"53443","2021-08-22",0.0342211652794293,0.179834753056877
"53526","2021-08-23",0.0344510739856802,0.179688305001989
"53799","2021-08-24",0.0342999414176919,0.179648488966999
"54519","2021-08-25",0.034009900990099,0.179962177109854
"54697","2021-08-26",0.0338212526389866,0.180418227621393
"54979","2021-08-27",0.0337289377289377,0.180642692167277
"55202","2021-08-28",0.0351374207188161,0.180428889526075
"55289","2021-08-29",0.0379845814977974,0.180246739427313
"55432","2021-08-30",0.0387124463519313,0.180444543589056
"55677","2021-08-31",0.0383887915936953,0.180170343447169
"55819","2021-09-01",0.0386008968609865,0.180192392107623
"56099","2021-09-02",0.0391412213740458,0.179252923147265
"56314","2021-09-03",0.0394363459669582,0.17932814861516
"56715","2021-09-04",0.0392233009708738,0.180022988252427
"56777","2021-09-05",0.0394180407371484,0.180720805989331
"56798","2021-09-06",0.0383062880324544,0.181266939908722
"57015","2021-09-07",0.0388709677419355,0.182273507112455
"57151","2021-09-08",0.038665785997358,0.182336821257155
"57278","2021-09-09",0.0384883720930233,0.182442092775624
"57411","2021-09-10",0.0319478737997257,0.182109282030178
"57569","2021-09-11",0.0325506072874494,0.181870083918129
"57689","2021-09-12",0.0324283765347885,0.181379397112324
"57727","2021-09-13",0.0329974489795918,0.18095202442602
"57897","2021-09-14",0.0322615803814714,0.180932306312443
"58052","2021-09-15",0.0322837837837838,0.180856482004504
"58266","2021-09-16",0.0318508287292818,0.180734302785451
"58512","2021-09-17",0.0380168776371308,0.181123404699953
"58679","2021-09-18",0.038034188034188,0.180446065479582
"58779","2021-09-19",0.037663421418637,0.18116240474038
"58800","2021-09-20",0.0377840112201964,0.181187886325386
"58931","2021-09-21",0.0375474254742547,0.181149134981933
"59147","2021-09-22",0.0370967741935484,0.181006735811127
"59345","2021-09-23",0.0372841225626741,0.180753076474002
"59572","2021-09-24",0.0368305304010349,0.18057227012721
"59707","2021-09-25",0.0361135371179039,0.180561072780204
"59762","2021-09-26",0.036500553709856,0.179971194675157
"59819","2021-09-27",0.0363822115384615,0.179963162870593
"60041","2021-09-28",0.0365432098765432,0.18015795218107
"60393","2021-09-29",0.0374189675870348,0.180392694167667
"60544","2021-09-30",0.0376923076923077,0.180589623799349
"60684","2021-10-01",0.0384973404255319,0.180681381648936
"60876","2021-10-02",0.0385344827586207,0.180624679310345
"60978","2021-10-03",0.0348461538461538,0.178842401971154
"60997","2021-10-04",0.0332310469314079,0.179159020397112
"61131","2021-10-05",0.0179856115107914,0.177120337604916
"61323","2021-10-06",0.0209344490934449,0.17731714748954
"61454","2021-10-07",0.0207988980716253,0.177446563165748
"61641","2021-10-08",0.0219099590723056,0.17648637443156
"61734","2021-10-09",0.0219354838709677,0.176528204726702
"61978","2021-10-10",0.0241153342070773,0.178238727195282
"62000","2021-10-11",0.0283005780346821,0.173570827947977
"62150","2021-10-12",0.0385022026431718,0.175047306929148
"62284","2021-10-13",0.0396795727636849,0.174047284846462
"62373","2021-10-14",0.0400384122919334,0.174527061726419
"62673","2021-10-15",0.039081015719468,0.175680370002015
"62824","2021-10-16",0.0401168224299065,0.17635140623053
"62901","2021-10-17",0.0397805642633229,0.176440737338906
"62957","2021-10-18",0.0383185840707965,0.181051342754425
"63157","2021-10-19",0.0383383383383383,0.181166680755756
"63323","2021-10-20",0.0374353876739563,0.181483777982107
"63535","2021-10-21",0.0374148296593186,0.181229990940214
"63769","2021-10-22",0.0373526370217167,0.181591753679766
"64055","2021-10-23",0.0371264367816092,0.18175994699582
"64164","2021-10-24",0.0377715565509519,0.181910393187757
"64227","2021-10-25",0.0370332187857961,0.182457941542573
"64377","2021-10-26",0.0357839721254355,0.183995862582269
"64545","2021-10-27",0.0370569280343716,0.183847345345507
"64711","2021-10-28",0.0370726495726496,0.183824993117877
"64960","2021-10-29",0.0360045662100457,0.184806521042618
"65236","2021-10-30",0.0356359649122807,0.184507904614401
"65416","2021-10-31",0.035720207253886,0.18451547462867
"65468","2021-11-01",0.0355014605647517,0.18421016193606
"65538","2021-11-02",0.0353559322033898,0.184704027528249
"65721","2021-11-03",0.0351994401679496,0.18435890879986
"65918","2021-11-04",0.0352002670226969,0.184349241444148
"66163","2021-11-05",0.0353991468616697,0.183758706845419
"66574","2021-11-06",0.0359154929577465,0.183318797373826
"67028","2021-11-07",0.0359920634920635,0.183529276894369
"67151","2021-11-08",0.0368117519042437,0.183304503563656
"67449","2021-11-09",0.0363915094339623,0.182566265669222
"67714","2021-11-10",0.0334560327198364,0.183534816320155
"67979","2021-11-11",0.0329624277456647,0.183558357237476
"68339","2021-11-12",0.0333498233215548,0.183409877638398
"68582","2021-11-13",0.0327014218009479,0.184654912818777
"68764","2021-11-14",0.0322200132538105,0.184355672316103
"68805","2021-11-15",0.0310043668122271,0.184809591502911
"69127","2021-11-16",0.0318340026773762,0.184670304741187
"69445","2021-11-17",0.0344810659186536,0.183637988405797
"69731","2021-11-18",0.0330373831775701,0.183969305896751
"70012","2021-11-19",0.0326845637583893,0.183907084026846
"70411","2021-11-20",0.0339292251372788,0.182451823835672
"70531","2021-11-21",0.0340918163672655,0.182581713844533
"70667","2021-11-22",0.0340631578947368,0.182325913263158
"70941","2021-11-23",0.0344661776691117,0.181670004149688
"71409","2021-11-24",0.0344624903325599,0.18220293959139
"71554","2021-11-25",0.0369012082444918,0.181390254732291
"71690","2021-11-26",0.0355572519083969,0.181888343066158
"71871","2021-11-27",0.0340805785123967,0.182585456844008
"72075","2021-11-28",0.0279531568228106,0.183878795977597
"72302","2021-11-29",0.0295229186155285,0.183538171195822
"72486","2021-11-30",0.0297578475336323,0.18328023612855
"72610","2021-12-01",0.0303619909502262,0.18279379040724
"72777","2021-12-02",0.0234430856067733,0.185008631491063
"73023","2021-12-03",0.0288058252427184,0.183643331104369
"73288","2021-12-04",0.028000936329588,0.18372181059613
"73488","2021-12-05",0.0304484088717454,0.183051330307779
"73689","2021-12-06",0.0300436046511628,0.183111992381298
"75088","2021-12-07",0.0288463451019393,0.184699322492955
"75297","2021-12-08",0.0273697521497218,0.186900236503119
"75385","2021-12-09",0.0303837837837838,0.186222870027027
"75582","2021-12-10",0.0113025210084034,0.196861708771008
"75779","2021-12-11",-0.0171036315323295,0.206780402642456
"75931","2021-12-12",-0.0309942004971003,0.212561765196078
"76002","2021-12-13",-0.0472521739130435,0.219275733681159
"76294","2021-12-14",-0.0690042194092827,0.224936357137834
"76677","2021-12-15",-0.113269069572506,0.235379177039676
"76870","2021-12-16",-0.129141732283465,0.239544013057743
"77004","2021-12-17",-0.210433025404157,0.258437755403195
"77231","2021-12-18",-0.241657142857143,0.267032752185185
"77396","2021-12-19",-0.27925187032419,0.276685258987947
"77558","2021-12-20",-0.390937672366244,0.307163090205001
"78586","2021-12-21",-0.43347728547392,0.318070378935315
"78839","2021-12-22",-0.580252447192169,0.359319232212777
"79083","2021-12-23",-0.620533405172414,0.370429313200431
"79453","2021-12-24",-0.907917271407838,0.45104880717223
"79645","2021-12-25",-1.16196503496504,0.518135563135198
"79981","2021-12-26",-1.25002194586686,0.540452910686418
"80053","2021-12-27",-1.44399566473988,0.59438831557683
"80363","2021-12-28",-1.47431401320616,0.602584586665444
"80690","2021-12-29",-1.48301369863014,0.602674414817352
"80923","2021-12-30",-1.49947456213511,0.607891710717264
"81371","2021-12-31",-1.53607677293429,0.620278314535892
"81616","2022-01-01",-1.54435636856369,0.625894991847335
"81662","2022-01-02",-1.6076067179846,0.644200237794495
"81877","2022-01-03",-1.58503490401396,0.637447126163467
"82809","2022-01-04",-1.67432142857143,0.663209034151786
"83082","2022-01-05",-1.70259421560035,0.669864895581361
"83224","2022-01-06",-1.71888,0.674747922541667
"83318","2022-01-07",-1.93521970705726,0.736770520960941
"83445","2022-01-08",-1.93504658385093,0.735379829839545
"83522","2022-01-09",-1.94610759493671,0.740806173839663
"83551","2022-01-10",-2.01195555555556,0.760033581283951
"83995","2022-01-11",-2.03368902439024,0.764644134997459
"84143","2022-01-12",-2.05758771929825,0.774469865752924
"84265","2022-01-13",-2.09268027210884,0.783145095929705
"84403","2022-01-14",-2.13488461538462,0.809454413589744
"84533","2022-01-15",-2.21171052631579,0.828772561340852
"84661","2022-01-16",-2.22692095588235,0.83060799051011
"84812","2022-01-17",-2.23149253731343,0.832449981273321
"85405","2022-01-18",-2.24012369172217,0.836486052767206
"85839","2022-01-19",-2.24146214099217,0.837068667348419
"85981","2022-01-20",-2.23893405600723,0.837766464709425
"86114","2022-01-21",-2.32758823529412,0.855661669656863
"86220","2022-01-22",-2.31676413255361,0.854892946345029
"86460","2022-01-23",-2.29484342379958,0.855828579714683
"86502","2022-01-24",-2.29345707656613,0.856856265680588
"86682","2022-01-25",-2.31394673123487,0.862563897921711
"86755","2022-01-26",-2.33515901060071,0.873632239045936
"87015","2022-01-27",-2.3260472972973,0.869162683952703
"87133","2022-01-28",-2.27454011741683,0.844346850733855
"87194","2022-01-29",-2.32654191616766,0.862760930651198
"87276","2022-01-30",-2.33257871064468,0.862015422513743
"87431","2022-01-31",-2.33172932330827,0.862073476340852
"88137","2022-02-01",-2.33843971631206,0.862222791465721
"88600","2022-02-02",-2.33490331491713,0.860806581042818
"88716","2022-02-03",-2.34445833333333,0.864847206469907
"88828","2022-02-04",-2.38478070175439,0.883955423702485
"89044","2022-02-05",-2.33079872204473,0.864862068370607
"89183","2022-02-06",-2.36240924092409,0.878552871507151
"89317","2022-02-07",-2.37401785714286,0.882388965451389
"89382","2022-02-08",-2.32974522292994,0.876767534049894
"89444","2022-02-09",-2.35672240802676,0.887981590412486
"89630","2022-02-10",-2.35319444444444,0.885624234201389
"89992","2022-02-11",-2.37774390243902,0.88866412085874
"90081","2022-02-12",-2.35760355029586,0.89246671540927
"90154","2022-02-13",-2.34034482758621,0.891453242737722
"90254","2022-02-14",-2.30877697841727,0.886825510971223
"90455","2022-02-15",-2.33492307692308,0.897946198557692
"90540","2022-02-16",-2.32986666666667,0.898124777037037
"90614","2022-02-17",-2.32841121495327,0.901000149221184
"90648","2022-02-18",-2.29339805825243,0.895381144943366
"90683","2022-02-19",-2.32533653846154,0.895193998758013
"90709","2022-02-20",-2.32236051502146,0.898954666201717
"90745","2022-02-21",-2.32004201680672,0.897368719992997
"90861","2022-02-22",-2.30227799227799,0.885806463352638
"90954","2022-02-23",-2.3039852398524,0.885163595110701
"91028","2022-02-24",-2.29982269503546,0.883265433126478
"91062","2022-02-25",-2.2889247311828,0.875958146714456
"91129","2022-02-26",-2.28191881918819,0.877439672816728
"91201","2022-02-27",-2.27012096774194,0.865648374395161
"91222","2022-02-28",-2.2725702811245,0.865299409270415
"91323","2022-03-01",-2.28210909090909,0.877206094424242
"91404","2022-03-02",-2.27538461538462,0.881844501727982
"91488","2022-03-03",-2.28673529411765,0.889418300686275
"91531","2022-03-04",-2.25792125984252,0.904712994540682
"91645","2022-03-05",-2.26065459610028,0.901440576833798
"91746","2022-03-06",-2.269,0.904771250273973
"91871","2022-03-07",-2.27170918367347,0.906882818973214
"92562","2022-03-08",-2.26872824631861,0.907615509716644
"92728","2022-03-09",-2.265625,0.906576708931738
"92795","2022-03-10",-2.26066390041494,0.9055966972568
"92905","2022-03-11",-2.27245647969052,0.898590924081238
"93031","2022-03-12",-2.26195691202873,0.898963625418911
"93108","2022-03-13",-2.24655813953488,0.894508409354005
"93148","2022-03-14",-2.23714960629921,0.892846148372703
"93378","2022-03-15",-2.2389371257485,0.890590628717565
"93588","2022-03-16",-2.24410794602699,0.891726821914043
"93761","2022-03-17",-2.24516594516595,0.892356671380471
"93862","2022-03-18",-2.23758620689655,0.891642615321317
"93979","2022-03-19",-2.23785095320624,0.894105975129983
"94037","2022-03-20",-2.24329896907216,0.898345464621993
"94112","2022-03-21",-2.24536926147705,0.894072572721224
"94276","2022-03-22",-2.23882474226804,0.898081002852234
"94398","2022-03-23",-2.24342960288809,0.893662730655836
"94434","2022-03-24",-2.24223684210526,0.892796343734336
"94546","2022-03-25",-2.24432989690722,0.89624222959622
"94658","2022-03-26",-2.23394690265487,0.894581297728614
"94997","2022-03-27",-2.23153043478261,0.894395600550725
"95079","2022-03-28",-2.23138240574506,0.898887554952124
"95297","2022-03-29",-2.22757417102967,0.898639737914485
"95437","2022-03-30",-2.21532490974729,0.90335893416065
"95494","2022-03-31",-2.20993288590604,0.903806343190716
"95599","2022-04-01",-2.20757928118393,0.900453643877731
"95699","2022-04-02",-2.2088729703916,0.90179240052531
"95819","2022-04-03",-2.20717032967033,0.902015978052503
"95908","2022-04-04",-2.20681026581118,0.902353873044607
"96728","2022-04-05",-2.20846590909091,0.902254766382576
"97007","2022-04-06",-2.20669245647969,0.901879043721792
"97111","2022-04-07",-2.20782520325203,0.901475480945122
"97222","2022-04-08",-2.1967409948542,0.905941076901086
"97288","2022-04-09",-2.18686991869919,0.906136236161924
"97393","2022-04-10",-2.19320158102767,0.906661031077075
"97427","2022-04-11",-2.18691235059761,0.905254929631474
"97599","2022-04-12",-2.18761252446184,0.905875344944553
"97761","2022-04-13",-2.18663179916318,0.906506800366109
"97926","2022-04-14",-2.18508474576271,0.906314625247175
"98016","2022-04-15",-2.18730952380952,0.906545839960317
"98122","2022-04-16",-2.18852873563218,0.906560609310345
"98179","2022-04-17",-2.17028103044496,0.905262731869633
"98218","2022-04-18",-2.17718884120172,0.902853171369814
"98302","2022-04-19",-2.17954183266932,0.901339026361222
"98455","2022-04-20",-2.17868583162218,0.90051239738193
"98573","2022-04-21",-2.18098814229249,0.900534933992095
"98747","2022-04-22",-2.18377777777778,0.899293774915825
"98914","2022-04-23",-2.18524416135881,0.897199223549186
"98965","2022-04-24",-2.19884955752212,0.895580046589233
"99076","2022-04-25",-2.20387596899225,0.897418795499569
"99144","2022-04-26",-2.20850282485876,0.896070704119586
"99291","2022-04-27",-2.20980716253444,0.895899523071625
"99401","2022-04-28",-2.21153846153846,0.89565475168566
"99456","2022-04-29",-2.18581056466302,0.898734147920461
"99527","2022-04-30",-2.18648722627737,0.897490400532238
"99573","2022-05-01",-2.18569707401033,0.898579992376649
"99609","2022-05-02",-2.18372968349016,0.898700078856573
"99882","2022-05-03",-2.182242114237,0.899460208368855
"100703","2022-05-04",-2.18284987277354,0.898450864708793
"100872","2022-05-05",-2.18236842105263,0.898555924900962
"100935","2022-05-06",-2.18878025169409,0.898166855211359
"101020","2022-05-07",-2.19338677354709,0.899698643086172
"101081","2022-05-08",-2.19792270531401,0.897292102254428
"101122","2022-05-09",-2.19786206896552,0.897073108065134
"101256","2022-05-10",-2.19715639810427,0.895928809439179
"101385","2022-05-11",-2.19636363636364,0.898327626187551
"101459","2022-05-12",-2.1961421319797,0.898168772081218
"101547","2022-05-13",-2.19636828644501,0.897109269394714
"101647","2022-05-14",-2.19916666666667,0.897748967382813
"101688","2022-05-15",-2.19785340314136,0.899156517604712
"101708","2022-05-16",-2.19775,0.899086856828704
"101846","2022-05-17",-2.19716180371353,0.899545302519894
"101982","2022-05-18",-2.19783854166667,0.899552322417535
"102046","2022-05-19",-2.1994,0.899290221854167
"102095","2022-05-20",-2.20475065616798,0.898203710279965
"102162","2022-05-21",-2.21110144927536,0.897116541086957
"102209","2022-05-22",-2.21365921787709,0.896537868971136
"102255","2022-05-23",-2.21961432506887,0.894920755142332
"102358","2022-05-24",-2.22416184971098,0.893929009874759
"102439","2022-05-25",-2.22991404011461,0.892450909288443
"102516","2022-05-26",-2.23033232628399,0.89241916203424
"102574","2022-05-27",-2.23762376237624,0.892294288146315
"102622","2022-05-28",-2.22682310469314,0.893351685318893
"102671","2022-05-29",-2.23816,0.891239547566667
"102685","2022-05-30",-2.24162895927602,0.891565461915535
"102747","2022-05-31",-2.24798076923077,0.888530017427885
"102792","2022-06-01",-2.2378431372549,0.890159250204248
"102845","2022-06-02",-2.24116591928251,0.89011455990284
"102868","2022-06-03",-2.25840425531915,0.886282195981087
"102913","2022-06-04",-2.29030120481928,0.88181323522423
"102972","2022-06-05",-2.29403017241379,0.880911652496408
"103006","2022-06-06",-2.29646017699115,0.880598855530974
"103136","2022-06-07",-2.29919168591224,0.881189670323326
"103435","2022-06-08",-2.30681592039801,0.880656799792703
"103442","2022-06-09",-2.31106666666667,0.8796266652
"103447","2022-06-10",-2.31734317343173,0.878858856242312
"103452","2022-06-11",-2.38739130434783,0.873732628985507
"103455","2022-06-13",-2.33923076923077,0.884572582051282
"103457","2022-06-14",-2.29,0.8869716375
