"","X","date","new_cases","mod_fit_res","fit_mean","fit_0.025","fit_0.975"
"1",1,2020-02-21,17,19.2040652691142,92.2939186119172,76.7960611020237,134.746696702527
"2",2,2020-02-22,42,20.0806848325574,110.374388838692,93.6454407273974,149.090881364735
"3",3,2020-02-23,93,28.4347378444955,149.345409232601,134.015226230743,192.320721116586
"4",4,2020-02-24,74,50.4633052768616,173.457453230423,158.195079852478,221.379508100808
"5",5,2020-02-25,93,91.1645683087212,196.46182631471,182.300367211144,240.857223577912
"6",6,2020-02-26,131,170.238821127626,227.146554242089,209.969727372638,269.133103227263
"7",7,2020-02-27,202,250.274647094279,264.430211616831,248.240146163388,304.07522081247
"8",8,2020-02-28,233,293.689146786336,301.39024941779,283.262006667279,339.519587318493
"9",9,2020-02-29,240,358.355383767776,388.560966797906,367.031723895716,427.252765587348
"10",10,2020-03-01,566,409.944625658252,485.46680795067,463.531334646689,525.037431323818
"11",11,2020-03-02,342,447.685555381102,603.052093159426,573.871093581747,638.291656964502
"12",12,2020-03-03,466,539.708701426217,668.870468359805,638.979867925515,697.287319533833
"13",13,2020-03-04,587,621.42133860193,765.137317526078,723.854913891414,794.350811643115
"14",14,2020-03-05,769,655.704924365967,917.394676513369,847.302426181496,963.682184119933
"15",15,2020-03-06,778,845.156183342173,1069.33012414914,1001.35338083512,1115.33009530153
"16",16,2020-03-07,1247,1145.82518987497,1284.5544484917,1216.86942553849,1335.05359255438
"17",17,2020-03-08,1492,1445.44420080854,1504.82698504831,1434.91195144602,1556.12391430287
"18",18,2020-03-09,1797,1601.32732160484,1685.3705545009,1615.20338433429,1735.82757038224
"19",19,2020-03-10,977,1585.59973079823,1891.73126810133,1820.87524835152,1941.35820776936
"20",20,2020-03-11,2313,1755.45442516644,2139.8117359497,2068.72933538389,2190.10430759196
"21",21,2020-03-12,2651,2297.25604268912,2449.99596829195,2379.24256649971,2504.47773283701
"22",22,2020-03-13,2547,3020.4690099108,2793.38227225885,2722.32384231108,2850.92069247102
"23",23,2020-03-14,3497,3405.6214103805,3169.92437455952,3098.92646260831,3238.03109021881
"24",24,2020-03-15,3590,3518.36670005072,3451.24672192248,3378.1102709683,3522.10519733611
"25",25,2020-03-16,3233,3453.95315392303,3673.49579567735,3599.85487236024,3746.8230463216
"26",26,2020-03-17,3526,3482.25014317245,3897.99479929144,3830.47688190645,3976.74230085235
"27",27,2020-03-18,4207,4097.74370373539,4177.83619304499,4107.45667878651,4255.60507195412
"28",28,2020-03-19,5322,5491.98958364593,4493.25201712283,4433.99979868777,4573.48573418889
"29",29,2020-03-20,5986,6132.78263861247,4723.94719865616,4692.03006640685,4792.34272889526
"30",30,2020-03-21,6557,5918.45310078521,4956.78504785628,4922.8812492096,5025.36970031549
"31",31,2020-03-22,5560,5683.67985290663,5076.75109905716,5037.52414107152,5142.04939032161
"32",32,2020-03-23,4789,5190.70281973995,5112.99445886258,5077.59150946917,5178.47824015178
"33",33,2020-03-24,5249,5161.26287163988,5168.37579345672,5127.46096296672,5231.45085050403
"34",34,2020-03-25,5210,5461.38219140735,5256.14285963492,5216.12249545901,5315.76580615755
"35",35,2020-03-26,6203,5866.14673733943,5294.85348942291,5243.54296192682,5354.40287204123
"36",36,2020-03-27,5909,5895.38640755242,5250.63664854929,5198.7636994116,5306.38328269895
"37",37,2020-03-28,5974,5673.75740427175,5179.44386996178,5119.83351760972,5233.46905592185
"38",38,2020-03-29,5217,5127.62832732753,5036.32758162402,4978.9722276775,5078.81556077457
"39",39,2020-03-30,4050,4636.67621781479,4911.31628973719,4856.7348104621,4950.62295962208
"40",40,2020-03-31,4053,4248.90556426885,4796.91525097465,4742.8991219731,4831.4225244408
"41",41,2020-04-01,4782,4366.26228415334,4704.16853701698,4651.4924927766,4732.08638408954
"42",42,2020-04-02,4668,4694.06019373037,4637.17869383339,4584.48681688935,4666.8665759197
"43",43,2020-04-03,4585,4678.66108222435,4486.78763418301,4434.31348301219,4509.70563531368
"44",44,2020-04-04,4805,4512.94036331675,4405.37294716114,4353.9781963306,4427.3272248044
"45",45,2020-04-05,4316,4123.44491006335,4280.75474363076,4228.84166940173,4303.35698414349
"46",46,2020-04-06,3599,3794.33838004289,4135.24312699443,4086.72466109254,4163.68079325342
"47",47,2020-04-07,3039,3750.70785808205,4061.086655967,4009.08290592902,4098.93388521332
"48",48,2020-04-08,3836,3684.82125919656,3969.07967620867,3921.46328112701,4009.6851286562
"49",49,2020-04-09,4204,4011.64548281426,3899.38169933013,3841.75743404889,3938.72863775662
"50",50,2020-04-10,3951,4268.05781539044,3808.37709051479,3757.6283997147,3859.00945255489
"51",51,2020-04-11,4694,4089.08289355226,3738.10964684724,3682.4283635565,3790.64014499727
"52",52,2020-04-12,4092,3808.85531098445,3617.91349422974,3568.120663485,3671.3371722038
"53",53,2020-04-13,3153,3501.96704968548,3482.77475299584,3431.06292784742,3536.91981321419
"54",54,2020-04-14,2972,3320.82753281752,3423.86395470709,3369.86321216678,3478.36390450155
"55",55,2020-04-15,2667,3200.17901714626,3440.85963452222,3381.60293162152,3495.51136803575
"56",56,2020-04-16,3786,3099.77156701917,3368.57473357983,3306.87585130253,3428.43372883028
"57",57,2020-04-17,3493,3167.16497891807,3287.82250842633,3227.12963923261,3348.32393449099
"58",58,2020-04-18,3491,3207.14801175403,3181.25147835494,3119.8497747683,3242.14823018048
"59",59,2020-04-19,3047,3091.07445274264,3023.0742098366,2960.13747474127,3078.95388728729
"60",60,2020-04-20,2256,2984.21375781225,2866.7017065242,2803.45451299374,2921.9268430567
"61",61,2020-04-21,2729,2983.73252634742,2801.14322108317,2735.01301239651,2850.42249935023
"62",62,2020-04-22,3370,2835.46105124839,2741.97033425548,2676.16337566393,2781.54134577039
"63",63,2020-04-23,2646,2759.60101312338,2688.07445407402,2623.24190225813,2724.37914785081
"64",64,2020-04-24,3021,2616.98003997366,2565.13607608671,2510.21091449644,2601.2500326193
"65",65,2020-04-25,2357,2495.751656996,2466.30194782968,2415.11079858491,2492.93488508911
"66",66,2020-04-26,2324,2243.37683482649,2324.6491130391,2281.69139736204,2348.28808486827
"67",67,2020-04-27,1739,2117.94954366042,2203.26945535578,2161.24595670967,2228.41513260681
"68",68,2020-04-28,2091,2052.32147737339,2122.55407212603,2081.96718215455,2150.38112009195
"69",69,2020-04-29,2086,2013.0721446134,2033.04480727805,1997.39289490002,2064.1473015635
"70",70,2020-04-30,1872,1987.92568325755,1904.22636671086,1870.99002276826,1935.50447221962
"71",71,2020-05-01,1965,1858.23290685026,1815.14532730687,1785.51854499918,1841.8769073
"72",72,2020-05-02,1900,1694.42957211647,1684.75802398049,1655.83602111338,1710.16089344402
"73",73,2020-05-03,1389,1543.97102647994,1580.41503150397,1552.95305187289,1605.44585614707
"74",74,2020-05-04,1221,1357.89715265186,1479.84407921505,1454.36564193137,1508.602189799
"75",75,2020-05-05,1075,1266.8097853738,1448.57532678741,1425.2053732414,1480.28124159822
"76",76,2020-05-06,1444,1162.30043245936,1376.6234006478,1355.87565976674,1407.31774412024
"77",77,2020-05-07,1401,1086.93386192666,1302.92309014668,1282.92369072969,1333.22920856845
"78",78,2020-05-08,1327,1088.80010680901,1233.58912045299,1210.48079305934,1263.55393440727
"79",79,2020-05-09,1083,1096.07751265587,1161.71577817774,1137.33281563313,1194.54027710324
"80",80,2020-05-10,802,1125.77400883607,1077.86017805735,1054.36391453243,1109.37420882613
"81",81,2020-05-11,744,1159.70472367096,1016.94187251843,993.19377335933,1048.56138262778
"82",82,2020-05-12,1402,1124.95367965329,985.667891991622,963.027772228847,1015.23261107283
"83",83,2020-05-13,888,1065.92530726446,956.333473076584,933.849093151853,985.22982415359
"84",84,2020-05-14,992,941.91969158969,904.847265470972,880.811265809304,930.409021152575
"85",85,2020-05-15,789,859.461392326048,854.422277868956,831.990309303443,879.971582606868
"86",86,2020-05-16,875,823.918372574175,805.933079377049,782.603658065078,833.516502988478
"87",87,2020-05-17,675,707.004363804532,770.168824425108,748.714176593176,799.26887990882
"88",88,2020-05-18,451,649.247549493826,738.258618343125,714.076274747095,768.06996383512
"89",89,2020-05-19,813,604.265586328664,712.568303296307,687.008061674107,738.996974688845
"90",90,2020-05-20,665,601.909651330032,664.784674223513,637.635759884071,687.89255817518
"91",91,2020-05-21,642,568.046817204508,634.05918105207,608.888674885205,658.810904711551
"92",92,2020-05-22,652,534.226876787288,603.822358614288,578.624880248005,628.445990558272
"93",93,2020-05-23,669,573.24658077702,578.877147253025,556.564803190232,602.460419927274
"94",94,2020-05-24,531,562.348187376512,543.252288302795,522.021099574106,563.249568021224
"95",95,2020-05-25,300,564.951857495529,514.548369857195,493.224848401134,533.8716319589
"96",96,2020-05-26,397,555.734795921162,503.029708710952,482.373793993685,523.78412742086
"97",97,2020-05-27,584,487.074380523612,473.619749659117,453.231848533286,493.547267568533
"98",98,2020-05-28,593,441.721255054872,445.183658404593,425.159923848349,462.474309996013
"99",99,2020-05-29,516,420.332974985882,425.640208359628,406.891506552163,442.376645133407
"100",100,2020-05-30,416,371.339804550982,406.160319072725,384.119721336476,423.887460020632
"101",101,2020-05-31,333,342.871329506946,378.320992354361,357.154515641615,393.384452647316
"102",102,2020-06-01,200,322.067461585189,361.982403341475,341.845931412412,376.189173551949
"103",103,2020-06-02,318,305.505453285848,358.403448928783,340.548701693242,373.194869187847
"104",104,2020-06-03,321,275.232961817674,348.378561299246,330.232149839351,362.804937984843
"105",105,2020-06-04,177,279.748937717581,328.839513942171,312.285363481611,345.336265111094
"106",106,2020-06-05,518,275.709007115569,304.712918112975,287.825271486412,321.977961506445
"107",107,2020-06-06,270,302.224976360623,286.259255306967,268.236991517473,303.97694565103
"108",108,2020-06-07,197,291.14486962033,278.803172980944,253.697264221565,296.56060004727
"109",109,2020-06-08,280,324.934856610256,275.248145722885,249.81307991943,293.015398654849
"110",110,2020-06-09,283,327.315326676646,275.362528564206,249.858946011798,293.378390723553
"111",111,2020-06-10,202,325.640491322323,274.140080269689,248.166813669193,292.1015496272
"112",112,2020-06-11,379,291.957410580944,278.002670675093,250.290249479519,294.918846446985
"113",113,2020-06-12,163,267.837512428843,285.457494706145,254.266850227236,303.622354517894
"114",114,2020-06-13,346,292.037109384459,277.777939893006,245.447638740334,296.694260185616
"115",115,2020-06-14,338,268.819152735727,268.523008962645,241.175946818938,286.481127362403
"116",116,2020-06-15,301,260.8713750311,268.285209750239,240.567735607243,286.241980135969
"117",117,2020-06-16,210,271.96355163501,259.684695773311,232.202672527012,275.84215492698
"118",118,2020-06-17,328,265.078598608292,259.549786341775,231.45359527874,274.434309019712
"119",119,2020-06-18,331,279.153514014557,265.99520499747,238.841344533763,281.217521188104
"120",120,2020-06-19,NA,288.143715476588,263.765396995982,237.256636678982,277.29065519887
"121",121,2020-06-20,264,292.681331072206,262.514762065644,237.010631921426,273.246994130565
"122",122,2020-06-21,224,284.093269933481,255.617486602873,233.81368395139,265.730692866905
"123",123,2020-06-22,221,271.260276671324,243.072042638532,228.156667857006,253.216428816094
"124",124,2020-06-23,113,252.711715278303,234.256072971959,219.421352988416,245.409255882546
"125",125,2020-06-24,577,244.135825065372,231.500153212677,216.238645122531,241.748122629825
"126",126,2020-06-25,296,233.815623804665,224.074123680466,209.151216257898,233.079411053476
"127",127,2020-06-26,255,249.453582709742,214.644593077225,200.979325127646,224.743963221757
"128",128,2020-06-27,175,239.609694659477,207.938871533313,197.626007647805,218.737186335998
"129",129,2020-06-28,174,226.370414517936,204.724852119213,195.566063187713,215.886138005823
"130",130,2020-06-29,126,221.564505366754,202.048328473293,193.187989203297,212.527924457542
"131",131,2020-06-30,142,227.19933383906,197.077963499625,188.336554097745,208.044730968315
"132",132,2020-07-01,182,237.484452113829,198.461742632924,189.864012039319,211.47929974111
"133",133,2020-07-02,201,224.719497495331,193.88826272718,185.959480989286,206.568708148494
"134",134,2020-07-03,223,207.342188937968,190.339850898496,182.269072093325,203.128273673193
"135",135,2020-07-04,235,208.376055105618,187.48480585699,178.670044576211,199.923815360742
"136",136,2020-07-05,192,231.048037896515,189.993088415008,181.164072398541,202.245831043045
"137",137,2020-07-06,208,209.747830412962,190.102858279463,181.299840940219,201.936432306176
"138",138,2020-07-07,137,188.042851417937,188.55472406743,180.688934255693,201.05081175731
"139",139,2020-07-08,193,188.591870403208,191.399576077062,183.686636054019,203.266768031027
"140",140,2020-07-09,214,196.39462013662,194.367469520897,187.061609873562,207.535061051128
"141",141,2020-07-10,276,195.778517770203,197.347120010346,190.184833318249,210.546146437504
"142",142,2020-07-11,188,196.789065046847,199.584266477266,190.027769253537,213.346021814563
"143",143,2020-07-12,234,199.16242889667,198.62351365912,188.882715032714,211.392019456229
"144",144,2020-07-13,169,201.075300658238,198.441913891635,188.269657913201,211.269498013251
"145",145,2020-07-14,114,185.814195953513,197.481730397501,186.334953724665,210.283748830513
"146",146,2020-07-15,162,198.24982021749,206.070167063541,192.575040764987,220.021893879516
"147",147,2020-07-16,230,196.05188086108,215.231161805056,198.767336920722,228.181846902132
"148",148,2020-07-17,231,191.902989134745,218.244796263852,202.211950181478,231.395438586797
"149",149,2020-07-18,249,192.09884230452,218.375290649656,202.83100243562,231.14000621001
"150",150,2020-07-19,218,179.382351839158,219.444817523504,204.422849263801,233.089827871904
"151",151,2020-07-20,190,183.653780956927,216.147710931137,201.295931383006,231.030965340681
"152",152,2020-07-21,128,192.222638569277,219.013343524006,203.976671506356,234.948868130148
"153",153,2020-07-22,280,204.450118316774,229.919105427711,214.436182985047,246.291983207967
"154",154,2020-07-23,306,229.172952864552,241.642501235414,226.87992821897,258.206755449934
"155",155,2020-07-24,252,234.777123147331,253.015952594553,237.278064617295,268.607188648916
"156",156,2020-07-25,274,248.062598950317,258.539133597308,241.100411923317,274.081291714969
"157",157,2020-07-26,254,268.865011563816,258.662884358916,242.024689009547,272.872214846989
"158",158,2020-07-27,168,259.187936320319,255.661077760453,238.668341825768,268.866315657722
"159",159,2020-07-28,202,227.467853306211,255.256103380263,238.80292967733,268.4509788503
"160",160,2020-07-29,288,235.05035618422,268.663899816458,252.351474850386,281.884857637428
"161",161,2020-07-30,382,242.927972862701,279.342750593655,264.837326949092,290.657468225537
"162",162,2020-07-31,379,265.720764153259,293.228868740944,281.719283217586,303.755981110415
"163",163,2020-08-01,295,264.559546495642,301.702354854263,287.836788716661,312.261610606169
"164",164,2020-08-02,238,305.364862329065,310.83673191599,296.923331591589,323.033554205682
"165",165,2020-08-03,159,298.699154430738,315.042187810074,300.630303106306,327.223551407684
"166",166,2020-08-04,190,366.036503182811,331.272458098089,316.593052041249,343.077667730898
"167",167,2020-08-05,384,396.466651059513,348.13130113256,333.389864433208,359.487630489872
"168",168,2020-08-06,401,435.134705744858,364.968745733809,348.865892994701,377.070115331706
"169",169,2020-08-07,552,441.70417980515,378.355998806341,361.683998590724,392.512381707979
"170",170,2020-08-08,347,429.047385002254,391.549908311785,375.553722378075,407.04027999307
"171",171,2020-08-09,463,433.519009912416,403.557005405181,388.249948977674,419.074194916678
"172",172,2020-08-10,259,412.335941718367,407.172661034877,393.785181428557,423.847278341706
"173",173,2020-08-11,412,416.390589435701,423.135937406584,411.013819479954,440.814075515556
"174",174,2020-08-12,476,439.02858537322,454.188322880024,437.496187654553,472.334914398214
"175",175,2020-08-13,522,467.749603167089,484.418705554337,468.375877687523,503.402759072781
"176",176,2020-08-14,574,452.291151357727,521.626428123776,503.734165625945,542.713651624621
"177",177,2020-08-15,629,490.235084930318,557.9473042969,539.661735202718,581.012906433657
"178",178,2020-08-16,477,475.255154961371,609.856218760534,592.738665956679,636.661355178627
"179",179,2020-08-17,320,524.306096294138,647.219050035511,626.479738000525,673.010271816452
"180",180,2020-08-18,401,554.408550087071,686.997238552075,663.435608475956,712.0554089931
"181",181,2020-08-19,642,685.785902602482,748.36150808513,724.472392203225,776.04300499337
"182",182,2020-08-20,840,785.388626516098,807.498002879286,782.723709568579,840.205536225798
"183",183,2020-08-21,947,898.431104623334,869.762974440617,845.179736980072,900.887015393561
"184",184,2020-08-22,1071,976.609866739367,926.448502848514,902.123838141242,957.392951269333
"185",185,2020-08-23,1209,1038.34715860794,974.687687586584,949.517533674206,1007.79540203233
"186",186,2020-08-24,953,1168.75202203816,1007.3562361207,982.422707916714,1042.45509152406
"187",187,2020-08-25,876,1187.19397328972,1055.23585619513,1027.34484623744,1089.50071982796
"188",188,2020-08-26,1366,1193.70381920008,1119.79273387766,1090.09311247062,1153.5285259877
"189",189,2020-08-27,1409,1277.54468560789,1168.18479013133,1142.00852216924,1201.66513319816
"190",190,2020-08-28,1460,1291.62998870231,1226.79214501345,1199.77782501892,1262.72887883892
"191",191,2020-08-29,1444,1343.65258389246,1273.0908483712,1248.49111910743,1307.52832217277
"192",192,2020-08-30,1365,1311.84876483429,1290.21067664743,1263.42008206402,1323.27120918909
"193",193,2020-08-31,996,1318.04438727594,1287.98839685496,1259.44812487961,1319.28986457859
"194",194,2020-09-01,975,1348.7699775896,1315.15188212,1290.76379564541,1345.94932767081
"195",195,2020-09-02,1326,1320.79852052015,1349.97034328421,1328.14543660899,1383.89326665961
"196",196,2020-09-03,1397,1374.00096143776,1370.74309862466,1344.43836388378,1402.58413952989
"197",197,2020-09-04,1732,1387.4275800403,1391.58357021165,1364.12645498652,1418.43822764099
"198",198,2020-09-05,1694,1388.81841115007,1393.48477161916,1366.50510486465,1422.95029300204
"199",199,2020-09-06,1296,1359.25093355897,1395.73926648246,1367.83855206187,1424.20058181407
"200",200,2020-09-07,1150,1348.89963774919,1378.31834243987,1349.17114171994,1403.82638239446
"201",201,2020-09-08,1369,1304.52542974433,1390.4695913722,1361.5603758857,1417.19145429145
"202",202,2020-09-09,1430,1347.38025947957,1417.10009572021,1390.50909989113,1449.98160322367
"203",203,2020-09-10,1597,1347.69561959943,1427.65012760443,1402.40732164494,1462.46370533059
"204",204,2020-09-11,1616,1372.50243253959,1459.47943801986,1435.12406523257,1494.24202721558
"205",205,2020-09-12,1501,1390.51946493704,1454.44948964576,1431.20874412035,1487.46109677448
"206",206,2020-09-13,1456,1425.17487303825,1450.41236695085,1425.06717619134,1483.50319999764
"207",207,2020-09-14,1008,1488.2546329308,1450.80890683909,1427.55394332222,1489.1122018369
"208",208,2020-09-15,1229,1491.96925005835,1466.46526201388,1445.74925715363,1504.68818656268
"209",209,2020-09-16,1452,1498.27356231445,1481.4421931017,1460.56657389801,1520.30881120739
"210",210,2020-09-17,1583,1614.66527945723,1507.87802570711,1487.45202181002,1545.81079152644
"211",211,2020-09-18,1907,1660.18755042634,1525.51614025331,1508.91257773056,1565.32636357849
"212",212,2020-09-19,1637,1727.38387899217,1538.01294546507,1521.37968684239,1577.88032730483
"213",213,2020-09-20,1587,1616.10126786435,1555.30256883842,1539.01846874247,1597.87558464625
"214",214,2020-09-21,1350,1569.79294871632,1562.52394398816,1546.30336959721,1604.20944585162
"215",215,2020-09-22,1391,1576.21888261172,1605.81533080046,1590.41334822151,1646.65229001845
"216",216,2020-09-23,1640,1514.23237894545,1650.74313267188,1633.98494690213,1688.77454870326
"217",217,2020-09-24,1786,1527.08340358868,1724.83858372337,1707.85928763663,1758.82332506975
"218",218,2020-09-25,1912,1681.64151549648,1788.65909602127,1767.02560719788,1820.79117902006
"219",219,2020-09-26,1869,1661.88511080964,1851.07216645869,1829.66327309981,1882.5500855955
"220",220,2020-09-27,1766,1740.22570997366,1917.55236107703,1891.96804894591,1948.86766969049
"221",221,2020-09-28,1494,1712.02308952523,1962.93957019316,1938.53244354603,1993.7451789289
"222",222,2020-09-29,1647,1787.07348451664,2053.65000813605,2028.78012765883,2078.72280512982
"223",223,2020-09-30,1850,2048.57418308826,2207.34946617279,2175.26075896343,2233.14838844792
"224",224,2020-10-01,2548,2306.60524800478,2398.2214422466,2365.07462805689,2428.9811017376
"225",225,2020-10-02,2499,2415.78216885857,2640.06243336371,2603.14882615016,2668.70092792694
"226",226,2020-10-03,2843,2634.83017895679,2890.16179511063,2854.19512156662,2916.43250985624
"227",227,2020-10-04,2578,2661.25160150736,3131.40823529701,3097.07374657045,3158.82268189267
"228",228,2020-10-05,2257,2892.0859998138,3326.30976097599,3286.03877481768,3348.92073646459
"229",229,2020-10-06,2677,3128.86229850078,3621.44994623853,3573.04010767896,3647.19858841905
"230",230,2020-10-07,3677,3424.20303687605,4004.35531701406,3949.80719525699,4033.02473404386
"231",231,2020-10-08,4458,3979.3014833327,4472.02798033788,4410.76472130626,4503.14324855371
"232",232,2020-10-09,5372,4882.20830159419,4976.59042181427,4914.75666860537,5009.45981218079
"233",233,2020-10-10,5724,5385.7598072305,5539.12453052067,5476.26763353003,5572.9293123392
"234",234,2020-10-11,5456,5480.24185450852,6127.02159996722,6063.49931880113,6162.64926899392
"235",235,2020-10-12,4619,5750.10809370899,6571.00268937846,6507.85951309235,6613.37898099919
"236",236,2020-10-13,5898,6217.7303913277,7150.01919251658,7081.90219387519,7192.88640804331
"237",237,2020-10-14,7332,7166.97337337933,7989.30604731815,7908.95540527111,8032.37263065449
"238",238,2020-10-15,8803,8709.390618529,8821.70930570557,8737.41416314234,8869.45772104018
"239",239,2020-10-16,10009,10210.385727845,9806.20241385672,9703.87441832737,9850.71628164478
"240",240,2020-10-17,10925,10406.2691035644,10760.6013141171,10642.478936739,10814.9745386769
"241",241,2020-10-18,11705,10507.5158713643,11798.3661331188,11679.1218433696,11870.4220880934
"242",242,2020-10-19,9337,10588.9041192214,12570.9357144258,12448.683792379,12658.9203544618
"243",243,2020-10-20,10871,11148.464146562,13719.5251816669,13600.9795148686,13814.7314363548
"244",244,2020-10-21,15199,13977.8597701754,14985.9821202231,14874.7247742449,15085.659737308
"245",245,2020-10-22,16078,16831.5214353887,16273.7039473138,16167.3722695429,16387.3887310741
"246",246,2020-10-23,19143,18515.2315277169,17759.1005140863,17659.2704229957,17875.2131552876
"247",247,2020-10-24,19640,20171.1698831367,19192.6192894393,19090.0964605814,19315.4823079023
"248",248,2020-10-25,21273,20221.1408301123,20475.076265395,20349.2167838062,20606.0250462558
"249",249,2020-10-26,17007,19656.1706555003,21195.9906616056,21065.165067201,21326.0249721158
"250",250,2020-10-27,21989,20951.4926178713,22472.6244786625,22322.0320877345,22603.2922085321
"251",251,2020-10-28,24988,23946.0768363151,23777.7058262632,23627.8892778725,23922.0902491548
"252",252,2020-10-29,26829,27999.0498479347,25056.8366182839,24919.9917729345,25208.3092334539
"253",253,2020-10-30,31079,30905.6176794899,26482.0339112872,26355.6440430327,26649.8800621059
"254",254,2020-10-31,31756,30816.0410724678,27853.5698134363,27737.531969374,28020.9866437084
"255",255,2020-11-01,29905,28872.7001861533,28703.5108281034,28592.1755471678,28865.9389687819
"256",256,2020-11-02,22253,26728.8666711358,28982.6197942543,28853.7266669186,29126.6479314993
"257",257,2020-11-03,28241,26236.045520819,30181.6457146066,30052.6137712565,30309.1986099836
"258",258,2020-11-04,30548,29996.0922158738,30926.0065896277,30797.2315004631,31053.0518539872
"259",259,2020-11-05,34502,34997.7198066746,31784.4802036473,31655.9789446132,31913.8511601516
"260",260,2020-11-06,37802,37771.3372858777,32726.2629015379,32581.9626696472,32846.968281681
"261",261,2020-11-07,39809,36743.2956207325,33128.433346639,32985.8042341853,33245.5424055822
"262",262,2020-11-08,32614,34002.7030468493,33284.600635595,33139.8029109397,33397.1624209759
"263",263,2020-11-09,25269,30792.9636466637,33071.0602771161,32946.5312146343,33209.5352067061
"264",264,2020-11-10,35090,29920.4088236653,33713.1722897891,33588.0094285384,33852.2003974135
"265",265,2020-11-11,32961,32873.6619004254,34101.1287387002,33967.8010984314,34249.3517289884
"266",266,2020-11-12,37977,38096.1077870028,34464.9430270068,34325.6114878266,34630.4509162575
"267",267,2020-11-13,40902,40665.1070649594,34647.2545972876,34505.2197976251,34814.4709963105
"268",268,2020-11-14,37249,37414.7778388849,34451.0152269291,34308.8800328669,34613.323526008
"269",269,2020-11-15,33977,33356.6422455972,33700.2523367611,33551.4815466632,33862.278532217
"270",270,2020-11-16,27352,30632.4966372647,33077.1439739982,32929.0956999629,33236.1992214755
"271",271,2020-11-17,32191,30344.3850817727,32934.2987630433,32798.1335164993,33107.5835806581
"272",272,2020-11-18,34280,33125.2897635892,32330.7898474701,32175.095944571,32510.0231599631
"273",273,2020-11-19,36176,36339.2477433744,32060.4002663346,31903.6822016597,32234.8608507481
"274",274,2020-11-20,37239,37435.5505251125,31429.7595275693,31274.8471431012,31596.9632557693
"275",275,2020-11-21,34764,34253.6088646434,30463.2661137791,30314.8049428672,30622.9681105331
"276",276,2020-11-22,28337,30588.8622694667,29357.6692487692,29204.5340718111,29520.839866171
"277",277,2020-11-23,22927,26927.0881211536,28181.2492901343,28033.4059650283,28349.1321102435
"278",278,2020-11-24,23227,24360.0113521675,27676.4924100212,27527.1332965587,27810.8705979289
"279",279,2020-11-25,25852,22673.5459768311,26929.5661431963,26785.6056412123,27061.9218767863
"280",280,2020-11-26,29001,22953.6223970004,26197.0531588077,26067.3699159066,26317.2709153224
"281",281,2020-11-27,28342,23544.6295428586,25412.2610744358,25281.1622633997,25501.2400271408
"282",282,2020-11-28,26315,26256.7952842277,24340.9122533765,24194.5013967556,24433.8096913918
"283",283,2020-11-29,20646,27341.3391459659,23286.2160859279,23134.8678120586,23376.5301008267
"284",284,2020-11-30,16376,26125.3477936352,22304.4992493443,22162.5540525784,22394.0401298142
"285",285,2020-12-01,19347,23091.3573114686,21750.2626993523,21621.5697951893,21842.0068755047
"286",286,2020-12-02,20709,20109.8422719063,21055.060815543,20909.982281322,21133.4687621331
"287",287,2020-12-03,23219,17762.6125570645,20454.6602445372,20323.1869748045,20534.6108302432
"288",288,2020-12-04,24110,16481.7005873388,19777.8931081602,19647.6597876129,19855.7298726473
"289",289,2020-12-05,21052,16007.9063996007,19224.1111096543,19080.6746353023,19303.6466791179
"290",290,2020-12-06,18887,16726.487565822,18664.3006940811,18531.357110831,18753.7825524066
"291",291,2020-12-07,13679,19053.4410479094,18094.1406928163,17964.4064006569,18183.2316841426
"292",292,2020-12-08,14837,18835.9787741762,17995.2150534475,17862.4469553442,18085.0616337772
"293",293,2020-12-09,12755,17651.3541252851,17885.7216375285,17748.9511567034,17975.5823126471
"294",294,2020-12-10,16998,16773.6469969759,17708.9552310219,17562.9741418588,17802.0945767482
"295",295,2020-12-11,18726,16705.821649465,17196.269299338,17055.5869283808,17285.3732469488
"296",296,2020-12-12,19902,16223.6730455265,16666.9502975638,16536.8275361015,16757.5220302763
"297",297,2020-12-13,17937,15763.1513883907,16257.9718224293,16146.0142887896,16337.7485156712
"298",298,2020-12-14,12025,15618.9019790473,15735.8308363633,15623.8807758394,15800.6690406948
"299",299,2020-12-15,14839,15873.9694775713,15691.3190528426,15582.9366909595,15762.5444222588
"300",300,2020-12-16,17568,16888.0648635093,15635.1767687641,15507.0724470371,15702.4666090749
"301",301,2020-12-17,18233,16566.1164229219,15971.1795464801,15860.786628641,16056.578276438
"302",302,2020-12-18,15401,16032.9132942203,16100.6958842975,15986.3560188018,16181.7332581976
"303",303,2020-12-19,16305,15285.9352638994,15564.8073539108,15426.7502687607,15654.0623451864
"304",304,2020-12-20,15102,13870.0562762541,14823.5382493655,14695.005077058,14908.7220363437
"305",305,2020-12-21,10869,13072.0501489311,14197.7219914346,14069.0783296079,14277.8568200591
"306",306,2020-12-22,13316,13355.8407657132,14144.6147194496,14015.2258166117,14231.6696790641
"307",307,2020-12-23,13908,14578.3750524104,14243.6931828625,14100.4440450386,14337.2659445284
"308",308,2020-12-24,18039,15424.4223108937,14618.4068619293,14482.8672412073,14728.3248329557
"309",309,2020-12-25,19037,15793.9611934724,14867.7661219706,14727.7336782893,15015.596042807
"310",310,2020-12-26,10405,15374.8354824099,14702.9744565772,14502.619776078,14876.6521723712
"311",311,2020-12-27,8937,14416.5398537382,14561.0196429926,14362.7679009873,14733.0392706289
"312",312,2020-12-28,8581,13178.4339850796,14285.9457222726,14079.7353004103,14479.175436417
"313",313,2020-12-29,11210,11879.7993406344,14461.5824329159,13879.0606385351,14780.0726573875
"314",314,2020-12-30,16202,11524.3796027186,14782.4871101817,13702.8144597916,15259.3177897295
"315",315,2020-12-31,23477,12368.4528251467,15037.0203475663,13869.0348207772,15550.0296785244
"316",316,2021-01-01,22210,14765.1872575074,15020.720112076,13837.5263611024,15521.6308557444
"317",317,2021-01-02,11825,16640.1719038463,15096.9213564825,13914.681485744,15597.5213163837
"318",318,2021-01-03,14245,17861.4359948547,15621.73412151,14453.5142775687,16117.7571475751
"319",319,2021-01-04,10798,17958.8218627968,15860.3446255431,14693.3521055617,16356.4766954134
"320",320,2021-01-05,15375,18238.6162780533,16235.4794189904,15070.2291490613,16726.8160147523
"321",321,2021-01-06,20326,18475.8260740908,16541.4773887651,15369.404641809,17024.2628843076
"322",322,2021-01-07,18416,17766.9350993522,16596.6725769577,15440.2280248627,17061.9907540523
"323",323,2021-01-08,17529,17576.1611421392,16114.1379520851,14963.1532750093,16565.219868386
"324",324,2021-01-09,19976,16901.1509214053,15727.5878373065,14586.0447992401,16151.9394213659
"325",325,2021-01-10,18625,15660.432557669,15694.4995744522,14612.3383397836,16092.8055027036
"326",326,2021-01-11,12530,15021.1626624186,15339.8241939108,14255.588144553,15743.9910636371
"327",327,2021-01-12,14242,14989.8481983589,15307.9881189828,14229.3019792243,15695.8772669256
"328",328,2021-01-13,15773,15296.4635029426,15315.7232284692,14615.4248423092,15579.5234661125
"329",329,2021-01-14,17243,15856.9600753407,15054.9973982146,14852.8225779171,15156.503346198
"330",330,2021-01-15,16144,16616.809812455,14775.1076861927,14670.0039005525,14844.1526824137
"331",331,2021-01-16,16310,17199.7610090072,14486.4687760169,14393.6708197071,14554.3889442274
"332",332,2021-01-17,12544,3801.00198777604,13921.7768260479,13840.7745320839,13991.3003317907
"333",333,2021-01-18,8825,4965.2646504891,13253.029905836,13173.506718815,13322.0587539252
"334",334,2021-01-19,10496,10334.7668803278,13125.3654517299,13042.8306630488,13195.0593233316
"335",335,2021-01-20,13568,13969.8364000691,13189.0935177654,13094.3400714342,13258.4970286553
"336",336,2021-01-21,14055,13720.2116605857,13096.0277889665,13002.386029941,13163.4631637481
"337",337,2021-01-22,13633,13906.7427166717,12865.1209554124,12762.3941077073,12933.5331558832
"338",338,2021-01-23,13331,13335.0833514742,12634.30940768,12528.4271530525,12712.1913978108
"339",339,2021-01-24,11628,11952.3068221849,12307.7920180223,12206.8822287435,12373.5048112601
"340",340,2021-01-25,8559,7590.5056597673,12001.5866145006,11909.3029519859,12069.4973872479
"341",341,2021-01-26,10584,11660.5621281808,12057.0834790527,11950.7093928201,12127.8383348352
"342",342,2021-01-27,15191,13962.3204072667,12248.909923487,12135.4618163852,12315.4407008527
"343",343,2021-01-28,14360,15265.879228095,12238.294192866,12125.287352482,12317.591671229
"344",344,2021-01-29,13563,13674.1619495383,12237.8151460691,12125.6898743955,12330.5046808786
"345",345,2021-01-30,12713,12854.8964892535,12228.447187145,12121.9104105185,12319.1895829935
"346",346,2021-01-31,11249,11020.8710195757,12110.393423892,12011.7339225215,12199.0581945481
"347",347,2021-02-01,7925,8595.93090578698,11864.7129687342,11764.6191254087,11954.1622854613
"348",348,2021-02-02,9651,8171.53302948034,11994.6930964412,11903.3927990822,12085.5568344019
"349",349,2021-02-03,13182,13450.1753138735,12149.7352681666,12060.7977994442,12252.7031837981
"350",350,2021-02-04,13656,13508.8399750769,12152.3603937701,12071.9918652872,12266.0376626173
"351",351,2021-02-05,14213,14429.9193592512,12125.3925070143,12050.265218016,12246.4109464918
"352",352,2021-02-06,13439,13874.5177990376,12117.9119714264,12046.2263420543,12238.5481920199
"353",353,2021-02-07,11640,11465.3512345908,12007.4480417614,11935.7642869147,12117.4457344462
"354",354,2021-02-08,7969,8314.06251589599,11743.3053472206,11671.6158857248,11859.6900481357
"355",355,2021-02-09,10612,10454.2217873868,11886.9581084935,11816.9970785031,12021.3743438022
"356",356,2021-02-10,12947,12681.6575985799,12046.310229504,11989.6676901519,12180.3605651031
"357",357,2021-02-11,15137,15145.033512561,12080.5273249961,12032.2922712688,12219.2673057547
"358",358,2021-02-12,13893,13423.8139948344,12205.0101943398,12156.3663430975,12334.8010128025
"359",359,2021-02-13,13523,14489.7378033727,12253.4880235735,12204.0892275192,12387.9107776476
"360",360,2021-02-14,11060,10386.2515822967,12257.7440845892,12211.8440898976,12400.3231797895
"361",361,2021-02-15,7344,7124.19443822128,12133.0249879932,12075.9366494161,12272.5453513315
"362",362,2021-02-16,10368,10674.7870364451,12486.2047738661,12426.0414466946,12635.4894793485
"363",363,2021-02-17,12066,12596.6826824541,12866.8422513881,12804.0030719217,13011.9005093957
"364",364,2021-02-18,13755,13062.1691330316,13323.3130436845,13260.6067728543,13464.2902185171
"365",365,2021-02-19,15470,15407.4335695528,13673.3525825752,13602.1721464186,13806.6513112809
"366",366,2021-02-20,14914,15205.0017394313,13987.1819531474,13917.3841480837,14118.0093039155
"367",367,2021-02-21,13450,12376.9176574157,14239.6455538985,14176.8675871507,14370.7847756145
"368",368,2021-02-22,9617,10353.1352442998,14380.1087822654,14316.053833339,14512.7358240372
"369",369,2021-02-23,13299,13190.274897442,15028.971877097,14956.7094953889,15153.4965432361
"370",370,2021-02-24,16402,17233.171727742,15741.9186578627,15671.6976505358,15851.9966724388
"371",371,2021-02-25,19871,19112.7626875828,16467.1934538047,16386.7715132769,16570.8345593013
"372",372,2021-02-26,20488,20254.2230187659,17146.4375330443,17063.5250113806,17260.0667849994
"373",373,2021-02-27,18902,19660.5335812067,17693.1982458003,17614.1353292825,17801.5933977539
"374",374,2021-02-28,17440,16423.6716635805,18084.9386973774,18000.1138743613,18173.0430139595
"375",375,2021-03-01,13106,14285.2577801595,18115.5644935643,18032.4901497512,18193.6153047902
"376",376,2021-03-02,17063,15629.35579776,18788.6076552098,18703.2206109512,18870.557088083
"377",377,2021-03-03,20840,20235.2063101337,19392.3547069805,19309.7397203239,19466.8271091616
"378",378,2021-03-04,22845,24350.5215511156,20021.400099166,19942.9905900151,20094.8692931105
"379",379,2021-03-05,24010,24419.4344661697,20476.8841012925,20399.7355554474,20552.8444289915
"380",380,2021-03-06,23633,24244.1714170491,20856.3191242178,20780.8716302777,20932.5931322525
"381",381,2021-03-07,20724,20898.6343092506,21028.5010902492,20952.3006186379,21105.3990229724
"382",382,2021-03-08,13882,14009.8521094024,20888.0674667059,20812.2352641876,20975.9035804587
"383",383,2021-03-09,19725,18772.8094392456,21353.1755330183,21281.8258458574,21436.9244322978
"384",384,2021-03-10,22275,22389.5150100788,21581.2329282635,21447.2546093048,21851.9248016422
"385",385,2021-03-11,25649,24921.6721914997,21600.022796963,21368.1128797855,22120.1077359211
"386",386,2021-03-12,26790,27216.5843912028,21428.2978329887,21071.9108730913,22306.415352761
"387",387,2021-03-13,26031,26649.0736807293,21066.8038634815,20580.6547887674,22284.5471358399
"388",388,2021-03-14,21304,20009.1855035672,20630.7553693166,20070.9333026351,22039.8985686468
"389",389,2021-03-15,15252,17241.2327093836,20438.9736495149,19717.9663749708,22312.3488167305
"390",390,2021-03-16,20376,19450.3201307403,20559.2055156416,19763.8621199181,22633.8188723205
"391",391,2021-03-17,23040,22752.337570161,20390.0553288873,19510.2960558229,22717.1247823061
"392",392,2021-03-18,24901,25797.6097761355,20251.5450390322,19291.3406483541,22817.4143848546
"393",393,2021-03-19,25707,24472.1413927096,19899.5509207419,18844.6483484799,22717.130335995
"394",394,2021-03-20,23913,24811.2333427869,19417.6454781121,18255.2881457531,22508.9300887385
"395",395,2021-03-21,20045,20179.2599632917,18858.6028897763,17656.8991959817,22077.2093614849
"396",396,2021-03-22,24501,23101.3982221157,18298.9157303792,17096.5832623017,21510.5936388206
"397",397,2021-03-23,18739,18577.0223127675,18275.3022274431,17037.5774049983,21569.1667685103
"398",398,2021-03-24,21246,22206.9929331103,18193.903634543,16838.5873808622,21827.3376392671
"399",399,2021-03-25,23681,23190.6361426585,18048.1196079212,16660.9748911744,21762.7018758865
"400",400,2021-03-26,24076,24266.5948980979,17864.6282518028,16480.4274553289,21571.9467692349
"401",401,2021-03-27,23834,25213.9188464233,17693.5640810559,16360.6513700983,21279.7171067531
"402",402,2021-03-28,19604,17090.3117124804,17543.049429182,16301.0484933217,20886.044437136
"403",403,2021-03-29,12900,14625.786357254,17126.125075519,15944.6351211664,20281.1996646246
"404",404,2021-03-30,16055,17586.1290999011,16454.7205242025,15438.8932028519,19153.7813562358
"405",405,2021-03-31,23887,22425.1324837247,16288.5587614315,15340.8839596651,18797.1666015358
"406",406,2021-04-01,22184,22190.711122802,16289.8904169796,15431.6642892417,18547.3716777013
"407",407,2021-04-02,21917,22292.9943836902,16169.5858621088,15257.3828672575,18225.1608204151
"408",408,2021-04-03,21247,20460.2273624011,15906.6674133157,14868.4276197587,17783.5670101276
"409",409,2021-04-04,18017,18466.5424416149,15608.8913630494,14516.5601481566,17254.3556788385
"410",410,2021-04-05,10680,10561.7719760698,15082.9270123459,14035.7834765972,16598.8131596715
"411",411,2021-04-06,7763,8285.09972162032,15024.2153011079,13740.3494610334,16622.0091626708
"412",412,2021-04-07,13686,13275.9508355542,14960.9171010514,13280.4127493998,16606.5842785979
"413",413,2021-04-08,17209,16890.9988999807,14657.0039622749,12585.7345512452,16144.7105491639
"414",414,2021-04-09,18924,17340.9912440619,14338.1685821559,11895.6627370425,15723.3241398359
"415",415,2021-04-10,17551,18154.1999961031,13983.2085499241,11191.0610563669,15276.3375287358
"416",416,2021-04-11,15737,16159.9975135019,13518.6612849802,10434.9452348062,14704.187835602
"417",417,2021-04-12,9780,11208.4389831899,12964.4420249705,9725.63516660627,14101.5226994259
"418",418,2021-04-13,13439,11197.1543566391,12924.5769930487,9325.66881697088,14182.7365073013
"419",419,2021-04-14,16160,16657.018651644,13173.0477048661,9092.93349885555,14587.1601661157
"420",420,2021-04-15,16963,17296.0271837006,13153.3316516219,8479.03765389062,14762.094388755
"421",421,2021-04-16,15923,14700.7187127273,12821.0626787375,7661.87163058573,14587.0365466183
"422",422,2021-04-17,15364,16294.9590056369,12412.9757761879,7060.93120736336,14242.3915579449
"423",423,2021-04-18,12688,13161.6427209668,12126.9062158514,6792.58032228885,13953.3305281422
"424",424,2021-04-19,8863,10005.1548260441,11697.3573174817,6525.64657174867,13476.2132510265
"425",425,2021-04-20,12069,10952.0144246221,11732.744251237,6563.42225836952,13510.6885980714
"426",426,2021-04-21,13836,13335.5576941662,11817.6862980051,6885.51194146211,13521.4155138966
"427",427,2021-04-22,16046,15521.721800138,11844.0129961355,7337.6759117812,13406.5206658821
"428",428,2021-04-23,14758,14703.6494441063,11797.5642444344,7779.62056194526,13181.4672074679
"429",429,2021-04-24,13814,14985.2178393169,11759.0293273057,8211.86213312034,12986.8727603357
"430",430,2021-04-25,13157,13396.8410851755,11495.9537636394,8383.38844226672,12569.8995982213
"431",431,2021-04-26,8440,11506.6639079633,11166.7040375093,8431.49082620911,12120.4858791824
"432",432,2021-04-27,10398,7665.33414451778,11250.4667474552,8710.8462366647,12144.6301001153
"433",433,2021-04-28,13382,13439.6684691412,11280.4223356302,9106.797085403,12050.6467943194
"434",434,2021-04-29,14314,13959.3329984101,11313.8977824896,9609.44343018572,11922.9415504606
"435",435,2021-04-30,13445,12724.0590226026,11140.5891151243,10033.3572685645,11558.0834601666
"436",436,2021-05-01,12964,13220.4606648195,11002.1191518133,10376.2205875823,11267.3882046966
"437",437,2021-05-02,9145,8442.43363053352,10739.6112974488,10437.0884023371,10897.2959752455
"438",438,2021-05-03,5946,7267.68292711372,10262.4342666409,10157.8098876765,10353.963359814
"439",439,2021-05-04,9113,8620.03246783558,10159.8942235041,10054.3876692949,10245.1980156143
"440",440,2021-05-05,10579,10285.0569431807,9985.55775484162,9880.07379370533,10076.9888158488
"441",441,2021-05-06,11798,11154.6392884522,9636.29539918196,9532.6843928059,9720.04776891846
"442",442,2021-05-07,10549,11139.5991045434,9181.22436426593,9082.31231666155,9269.02325141975
"443",443,2021-05-08,10174,9502.02783121588,8717.35812599819,8638.97693198647,8805.75441373315
"444",444,2021-05-09,8289,9265.33004357805,8243.49510589381,8160.44704395359,8323.5788801435
"445",445,2021-05-10,5077,6022.93950829469,7869.93362219972,7789.94407612341,7947.24710649065
"446",446,2021-05-11,6943,6871.88538943348,7769.6278280403,7684.79293274587,7837.36037105355
"447",447,2021-05-12,7848,6416.63488561707,7522.64535350892,7437.11224977342,7585.01929050216
"448",448,2021-05-13,8082,7431.72077391949,7194.07959157731,7115.94579392788,7258.27473716656
"449",449,2021-05-14,7562,8765.55410681688,6747.95951837063,6683.62834548166,6810.91331435861
"450",450,2021-05-15,6652,7589.84133206261,6365.25241061633,6305.03912493032,6419.41619812032
"451",451,2021-05-16,5748,4573.19809732214,5954.88585628235,5903.50687187514,5999.17301504893
"452",452,2021-05-17,3454,4506.21833656356,5566.23456369404,5519.89904041141,5614.94373601095
"453",453,2021-05-18,4449,5434.38155127433,5442.56044441073,5396.83165250864,5488.79317120272
"454",454,2021-05-19,5500,5214.11711398326,5238.35084314066,5191.06092081833,5284.52749789424
"455",455,2021-05-20,5736,4227.61688708933,4990.4957675363,4944.96680667373,5030.90562466396
"456",456,2021-05-21,5215,4892.65763071505,4697.15683101506,4650.93707393313,4740.84742737433
"457",457,2021-05-22,4714,4570.03611492575,4424.05163178192,4372.86229121618,4464.11574356913
"458",458,2021-05-23,3993,3857.65960672102,4175.68489465518,4122.6359768253,4212.69264032122
"459",459,2021-05-24,2489,3433.68685060251,3913.95040535742,3868.00032194104,3952.21713663969
"460",460,2021-05-25,3220,2873.36626044707,3846.40289794439,3807.05607503155,3883.76249807155
"461",461,2021-05-26,3935,3958.64074206306,3740.30282214397,3704.27315068856,3781.82155016195
"462",462,2021-05-27,4143,4273.21287809918,3502.33711195833,3467.22213387215,3548.66998073333
"463",463,2021-05-28,3737,3462.77146444656,3290.45185255077,3254.53802509666,3333.22214311334
"464",464,2021-05-29,3348,3104.76043060585,3105.11950700351,3065.40467109788,3146.48880978001
"465",465,2021-05-30,2948,2834.01690679509,2947.12639002604,2903.90746718236,2983.27997957094
"466",466,2021-05-31,1818,1830.23425190663,2769.05198014562,2721.87173746466,2804.01574447736
"467",467,2021-06-01,2483,2053.49150965852,2726.36681212017,2679.82364434732,2763.20754879451
"468",468,2021-06-02,2896,2280.46700000879,2655.33135752828,2612.53107021468,2694.19316503585
"469",469,2021-06-03,1963,3029.31694083894,2533.69536049757,2488.08223836454,2577.07530324097
"470",470,2021-06-04,2556,3042.16028829501,2388.00918608319,2335.69995202626,2430.78260329729
"471",471,2021-06-05,2434,2657.13265246595,2259.1108253282,2207.53888912928,2301.11620522945
"472",472,2021-06-06,2275,1638.58361649164,2122.88483425098,2077.55384543264,2164.68576809991
"473",473,2021-06-07,1270,1928.6692750419,1990.79536262382,1944.83140591932,2032.36480224844
"474",474,2021-06-08,1894,1842.38106849301,1951.74742802971,1905.48390230797,1990.74514186512
"475",475,2021-06-09,2198,1848.29223397421,1875.99244300495,1830.39611956513,1917.71927625556
"476",476,2021-06-10,2078,1951.3877703012,1778.10295531696,1732.74165690935,1814.51577007657
"477",477,2021-06-11,1892,1789.05710910098,1726.45500294847,1681.99421567344,1757.3889885293
"478",478,2021-06-12,1722,2221.74347598501,1633.83137701671,1588.82524467099,1665.13517270934
"479",479,2021-06-13,1390,1303.52445107396,1528.19649551086,1486.10755988755,1558.51986168576
"480",480,2021-06-14,907,1260.45402293326,1407.97470515609,1369.88635798222,1438.6921182148
"481",481,2021-06-15,1253,1349.06792787579,1373.22087606987,1338.3539310881,1404.0018038448
"482",482,2021-06-16,1400,798.688855032669,1317.52964980544,1281.276243297,1340.95286584524
"483",483,2021-06-17,1323,1816.12452774495,1221.76148104969,1179.88451654555,1243.16630864145
"484",484,2021-06-18,1147,1402.32523775892,1135.73681773116,1090.16363209039,1153.51544133531
"485",485,2021-06-19,1193,1107.88001297368,1063.16190707551,1023.83182529011,1080.38864620774
"486",486,2021-06-20,881,685.567799828015,997.124891834637,958.289172600583,1013.89587591438
"487",487,2021-06-21,484,511.31577227544,935.907739739554,897.836300402232,950.659269337772
"488",488,2021-06-22,834,433.947799841873,915.498432206313,880.353412374958,930.974076693843
"489",489,2021-06-23,1140,393.259951831307,884.388645180925,847.460607278418,900.867187517452
"490",490,2021-06-24,266,912.512071905658,853.564793573201,816.011768932777,867.606204168238
"491",491,2021-06-25,751,905.588706698269,818.133436872015,782.223410107195,837.907709695721
"492",492,2021-06-26,838,951.615723206894,801.754608860984,764.734447876772,821.985273691819
"493",493,2021-06-27,780,495.044331677957,776.810131316117,740.933517272696,799.110207759232
"494",494,2021-06-28,387,371.907482984709,753.035990928881,716.740598116927,775.471964701052
"495",495,2021-06-29,677,462.455742858117,773.711153567843,735.77151786483,798.679728288865
"496",496,2021-06-30,776,384.843376690289,791.021246113678,753.809959953242,817.027762050732
"497",497,2021-07-01,879,600.721192331286,815.311170574167,776.242827103212,842.177906086636
"498",498,2021-07-02,794,1200.64947885275,858.080253210372,825.089421183433,885.66472550871
"499",499,2021-07-03,929,1689.55972453114,900.814173197738,872.524445729785,928.096542557895
"500",500,2021-07-04,806,1506.66965471162,937.8384884383,908.594574443518,965.737651753663
"501",501,2021-07-05,480,1010.25902599399,948.796555658317,919.293285780249,976.814375579468
"502",502,2021-07-06,907,709.420902002603,1020.75400967659,983.81029920083,1048.63569358117
"503",503,2021-07-07,1010,660.631511223037,1123.50740622885,1083.67638954614,1150.22444229658
"504",504,2021-07-08,1391,578.646143937716,1233.94399382099,1194.32057148075,1260.3151990484
"505",505,2021-07-09,1386,842.345839649905,1364.04148008273,1322.0749443273,1394.67519062203
"506",506,2021-07-10,1394,1085.34155129432,1514.89272508088,1472.41496172671,1544.78329693171
"507",507,2021-07-11,1391,2018.52330595092,1659.95657864571,1618.88781224662,1694.27214854459
"508",508,2021-07-12,887,1859.31416577054,1748.84042911359,1707.11976767545,1783.24305763495
"509",509,2021-07-13,1530,1110.82058419194,1944.74357692191,1905.304930988,1978.76954022235
"510",510,2021-07-14,2153,1075.97853868105,2169.88408287522,2130.91263068054,2204.63107061393
"511",511,2021-07-15,2473,2342.33090124978,2434.22598488222,2398.8459742253,2468.83598825794
"512",512,2021-07-16,2895,2505.66368710832,2681.66658705465,2649.56880948254,2723.69392028061
"513",513,2021-07-17,3118,3359.5389189641,2924.18165691267,2892.57882586226,2971.70196306363
"514",514,2021-07-18,3126,3565.18437701697,3147.02702549071,3114.68611439486,3195.61073264114
"515",515,2021-07-19,2070,2866.04792632442,3269.22596074053,3235.45562576884,3318.08363878737
"516",516,2021-07-20,3555,3623.89933465305,3512.50276193548,3475.63512311817,3559.82948624259
"517",517,2021-07-21,4254,3832.61133717583,3789.65153770964,3759.81876470025,3838.20528424477
"518",518,2021-07-22,5056,5592.30779718072,4050.6421426887,4023.30718684617,4105.93525349225
"519",519,2021-07-23,5142,5525.81199448137,4321.44252326047,4294.3917490347,4383.11600267353
"520",520,2021-07-24,5138,4628.56905976799,4564.59909407055,4540.42154037252,4621.81808728774
"521",521,2021-07-25,4742,2877.91802795953,4718.90412613659,4688.14608199357,4771.28302381398
"522",522,2021-07-26,3115,4446.38649135362,4726.34253246921,4695.40118334788,4774.31695091244
"523",523,2021-07-27,4516,4630.71344686253,4900.25457302388,4856.17789124157,4950.85985521637
"524",524,2021-07-28,5693,5712.82716628048,5109.64729891099,5063.20814886186,5160.65951518562
"525",525,2021-07-29,6167,7017.06542329816,5313.81771793828,5259.27148530866,5364.84934621386
"526",526,2021-07-30,6613,5322.35344191641,5412.7926373608,5358.44459521153,5466.3481067016
"527",527,2021-07-31,6509,5954.45385216316,5530.21538659228,5475.55107946282,5578.01410772771
"528",528,2021-08-01,5320,6312.78986467281,5577.32930570668,5522.38247745998,5628.79384637122
"529",529,2021-08-02,3185,4536.90514469519,5540.06822666847,5490.69297680226,5590.62000791032
"530",530,2021-08-03,4841,4041.29925981793,5703.17595806395,5649.01607406507,5755.71219684904
"531",531,2021-08-04,6590,6741.07909374591,5863.02716757543,5808.72828465327,5916.23835310153
"532",532,2021-08-05,7224,6702.6065606568,5963.55485322709,5907.49829718203,6029.02375895513
"533",533,2021-08-06,6599,6112.12052841648,6048.47698824564,5983.58792746518,6110.40308116734
"534",534,2021-08-07,6897,6589.16161238705,6095.02674492552,6030.51518001317,6150.22107244607
"535",535,2021-08-08,5733,4933.57069798023,6035.60914692746,5964.81599126634,6091.8334349001
"536",536,2021-08-09,4200,6881.47412293055,5928.33761280511,5864.19096086414,5984.30227451742
"537",537,2021-08-10,5624,6245.89724762039,6068.43975549834,5994.77284875445,6125.89034043869
"538",538,2021-08-11,6921,4956.4246173962,6232.63149934181,6169.72535177842,6288.91001377295
"539",539,2021-08-12,7267,6929.4131160581,6267.21386276754,6204.99357956007,6332.58292212779
"540",540,2021-08-13,7398,7271.34706088668,6266.07355147529,6212.88002942328,6334.37338158947
"541",541,2021-08-14,7181,7262.53521019779,6334.24681977862,6258.05206496518,6401.9060687253
"542",542,2021-08-15,5661,5786.50189190288,6273.58233569106,6196.03124396873,6338.38703548778
"543",543,2021-08-16,3669,5672.12003517058,6172.33768469361,6094.56275855325,6228.03890249739
"544",544,2021-08-17,5268,4846.35079817357,6299.52294859986,6209.42778184099,6357.79888620136
"545",545,2021-08-18,7159,5739.08730379282,6430.32511950426,6341.55121198324,6492.92435185306
"546",546,2021-08-19,7240,5563.76035565324,6439.38728393475,6351.85700482206,6508.60804602903
"547",547,2021-08-20,7220,7916.86167475255,6483.56844043693,6391.51117139937,6542.48070148028
"548",548,2021-08-21,7466,7711.20160476025,6450.1230186494,6359.61729679545,6506.3136366599
"549",549,2021-08-22,5922,6123.18879544875,6364.59089663792,6275.13322221998,6423.18949217246
"550",550,2021-08-23,4166,6162.75753798755,6282.23242828654,6191.74962860154,6341.84068237555
"551",551,2021-08-24,6078,6114.99192396645,6397.1202737402,6301.06382629308,6460.31816370533
"552",552,2021-08-25,7539,6981.29865306616,6479.97657466576,6389.68036421349,6542.60463539629
"553",553,2021-08-26,7215,5923.54025221197,6452.35339323967,6356.91692386772,6512.65016456576
"554",554,2021-08-27,7823,7796.38286263635,6430.93287960619,6328.68869555572,6484.28300954234
"555",555,2021-08-28,6858,6245.98360438412,6365.24697856207,6255.37126853313,6414.47486478315
"556",556,2021-08-29,5954,6490.27567118546,6215.86105141509,6122.28103812559,6271.83723240571
"557",557,2021-08-30,4253,4386.85395224206,6043.48571395837,5941.21246800388,6100.335638917
"558",558,2021-08-31,5492,6257.94940539729,6075.13754925483,5969.16858543607,6135.11474762846
"559",559,2021-09-01,6496,6611.11347578233,6060.64309945488,5966.11588455268,6121.52270320504
"560",560,2021-09-02,6754,7976.52635085629,5924.66188169829,5832.00573855019,5979.13366823767
"561",561,2021-09-03,6729,5217.99982199585,5821.07455158226,5729.22002377946,5876.18619842572
"562",562,2021-09-04,6156,5520.7953873435,5641.63695826899,5554.97747911813,5698.21923686937
"563",563,2021-09-05,5314,5507.12744174013,5497.14813312032,5407.76536237196,5556.84993324698
"564",564,2021-09-06,3347,3366.41811870132,5284.72117016687,5194.85833143661,5351.31490427606
"565",565,2021-09-07,4715,4851.14674372179,5263.24511859021,5175.25586637982,5329.7814135416
"566",566,2021-09-08,5921,5835.83946339414,5217.56507451613,5134.23268876319,5281.51651412991
"567",567,2021-09-09,5518,5860.40458438126,5116.96616185025,5035.24140162663,5180.33115682999
"568",568,2021-09-10,5617,5335.31501362659,4961.38011320737,4885.49272259741,5030.88482474607
"569",569,2021-09-11,5191,4649.9466104242,4812.70894690487,4740.68797170385,4880.95429365974
"570",570,2021-09-12,4664,4512.5975619196,4648.90164121752,4583.49950863017,4718.91065195345
"571",571,2021-09-13,2792,3263.4796907017,4451.26373832675,4391.74350487009,4516.7870094959
"572",572,2021-09-14,4009,4975.79003462195,4448.18021349965,4399.37169630192,4514.9377317325
"573",573,2021-09-15,4826,3943.27626976464,4400.98168970152,4349.06736245406,4464.85092645387
"574",574,2021-09-16,5115,4028.17226425186,4275.15390190708,4223.81627877111,4336.30687137073
"575",575,2021-09-17,4544,4597.64569453988,4154.02064221876,4101.37391665882,4217.7324571153
"576",576,2021-09-18,4576,4966.38915653201,4016.12666197608,3964.13607268173,4077.20376149524
"577",577,2021-09-19,3836,4098.65822976595,3879.47416170457,3822.37020685587,3936.10277829668
"578",578,2021-09-20,2405,4330.73262498947,3687.99724112855,3634.76326145152,3743.33201262175
"579",579,2021-09-21,3374,3996.52416042006,3690.54535280358,3614.77618975971,3740.16217685337
"580",580,2021-09-22,3963,3932.11079705972,3633.64375425237,3557.92518293582,3682.74706075198
"581",581,2021-09-23,4053,3938.86146590253,3586.9292014044,3512.48973357102,3634.8296907477
"582",582,2021-09-24,3790,3017.66104889661,3474.73749709251,3403.02345538428,3528.07535706151
"583",583,2021-09-25,3519,3196.50644619111,3394.98050227774,3323.15820946607,3448.43747712703
"584",584,2021-09-26,3099,2603.06715055555,3290.50219519444,3218.14047333956,3343.95975388433
"585",585,2021-09-27,1773,1808.64104508189,3151.3834094635,3070.39076094322,3203.71219393873
"586",586,2021-09-28,2962,3423.72629180923,3141.45650856256,3059.94791828089,3195.39266112469
"587",587,2021-09-29,3212,3934.34354592208,3130.23988714489,2990.12767612621,3184.81023529429
"588",588,2021-09-30,4094,3598.12010978302,3071.41584752403,2887.02261949465,3128.37487364079
"589",589,2021-10-01,3403,3838.91159034567,2997.0246071845,2746.28006373759,3061.89093476172
"590",590,2021-10-02,3309,2885.801952729,2927.38869629553,2611.41660834626,2991.56030115321
"591",591,2021-10-03,2967,2411.4599008481,2843.65090698971,2494.20100402688,2902.90710989432
"592",592,2021-10-04,1612,802.340653839338,2738.90017184296,2388.62133466351,2803.33590465485
"593",593,2021-10-05,2463,1045.08032027334,2777.1334390701,2366.06840467989,2847.23758864253
"594",594,2021-10-06,3232,2117.6707280428,2782.90375186732,2310.10384469975,2881.29978510556
"595",595,2021-10-07,2933,3975.87604631312,2742.62896548854,2263.97163817934,2841.64760676845
"596",596,2021-10-08,3017,3220.70483519446,2650.64012006511,2165.25742864019,2751.85924557125
"597",597,2021-10-09,2747,2760.53575182797,2626.34022434013,2136.01576029845,2726.6174672506
"598",598,2021-10-10,2278,2172.28344037514,2569.2260185325,2080.69561691534,2666.77827744746
"599",599,2021-10-11,1516,1624.46018893771,2475.10571359668,1987.4748128308,2572.34218336164
"600",600,2021-10-12,2486,2566.15276124805,2537.58175707914,2058.59616863576,2631.75578063535
"601",601,2021-10-13,2769,2808.55105278841,2633.74433044578,2153.84890779802,2728.42616166686
"602",602,2021-10-14,2666,2482.54926042197,2677.83681686379,2252.52723352587,2771.08013751503
"603",603,2021-10-15,2729,2821.94055840856,2725.81310623189,2352.2490658634,2817.24617675512
"604",604,2021-10-16,2982,2811.66834820389,2794.24369677091,2486.06620236285,2876.3012098738
"605",605,2021-10-17,2435,2441.51092184601,2863.78880567413,2623.49110308085,2944.42710815734
"606",606,2021-10-18,1594,1945.00324371712,2886.92807239065,2677.6092020005,2970.17421885144
"607",607,2021-10-19,2695,2794.23426751389,3047.79022755029,2840.11313051656,3136.92670943291
"608",608,2021-10-20,3699,3577.82275034901,3191.17891108991,3046.74133510442,3284.81233300996
"609",609,2021-10-21,3791,3604.25551287836,3318.45556608106,3259.14304892432,3381.70909947399
"610",610,2021-10-22,3879,3727.94571909672,3497.89789784744,3450.1974013768,3563.34396383774
"611",611,2021-10-23,3905,4074.16605671983,3641.12533387458,3599.54877771258,3706.75773241267
"612",612,2021-10-24,3723,3763.85666902916,3742.21380062189,3702.86854905168,3804.32036353524
"613",613,2021-10-25,2535,2781.69516210315,3767.79832503657,3727.2054913438,3825.343912032
"614",614,2021-10-26,4053,3687.27385073812,3847.31682398378,3811.1374755112,3903.86051670205
"615",615,2021-10-27,4595,4968.34621789177,4006.9244825523,3969.9364691476,4068.13209219613
"616",616,2021-10-28,4863,5010.14613145555,4153.93466174201,4119.06801986086,4210.09775756144
"617",617,2021-10-29,5332,4554.0933057511,4352.70119110761,4316.95653464495,4409.10143423825
"618",618,2021-10-30,4877,5171.74208962524,4548.06525695098,4512.00435125691,4605.63907537636
"619",619,2021-10-31,4525,4970.31121393733,4675.68458645422,4633.42407703868,4733.97569885624
"620",620,2021-11-01,2818,2331.44321343669,4729.32077804746,4689.73297607783,4788.25686120194
"621",621,2021-11-02,2831,2669.80554232301,4968.58384014533,4929.00179828068,5025.45151254146
"622",622,2021-11-03,5188,4910.55056572649,5238.3785673797,5200.26241399067,5286.38215290543
"623",623,2021-11-04,5902,6253.00217817411,5510.45921591173,5469.1901608635,5548.43792077083
"624",624,2021-11-05,6761,6805.47645673837,5761.20784609345,5709.35031314498,5801.03692918655
"625",625,2021-11-06,6760,6829.53059441035,5976.33024313432,5923.95153048664,6017.19050146609
"626",626,2021-11-07,5822,5553.31435808942,6152.78381162353,6099.71986658441,6199.10981316967
"627",627,2021-11-08,4547,5356.03361039782,6201.01192246763,6150.77660565444,6246.84413845643
"628",628,2021-11-09,6111,6061.08560738762,6531.11376987924,6482.38288228818,6576.42545033428
"629",629,2021-11-10,8033,8026.23715046869,7018.72202956161,6962.6777665152,7080.64732242894
"630",630,2021-11-11,8697,8233.0236889949,7387.06283999071,7333.05352807831,7451.22879261392
"631",631,2021-11-12,8522,8393.40246079225,7700.78288082014,7644.40942049652,7770.08363526152
"632",632,2021-11-13,8539,8834.82685969086,7999.74966472283,7948.06917987965,8084.36181709592
"633",633,2021-11-14,7565,6739.82374834342,8188.53720232937,8133.24966643889,8281.66103135769
"634",634,2021-11-15,5199,5885.4466876954,8229.43541927032,8167.92626372944,8330.72156647731
"635",635,2021-11-16,7815,7396.54504493953,8591.63084886821,8528.35830462635,8712.98846255924
"636",636,2021-11-17,10167,11315.6641656154,9008.252552637,8946.9525892133,9132.28934902327
"637",637,2021-11-18,10645,10235.1348826292,9391.02494454898,9331.75704966482,9514.02430303529
"638",638,2021-11-19,10554,11138.1751006248,9732.93154581743,9679.70681082818,9857.77313928071
"639",639,2021-11-20,11540,11101.4767453594,10012.8843179399,9967.07696815554,10144.5282368789
"640",640,2021-11-21,9707,9479.0855976264,10305.484532411,10253.8697395494,10433.5448797908
"641",641,2021-11-22,6403,6997.32893819956,10336.6166335069,10286.037866486,10456.5223212247
"642",642,2021-11-23,10044,8920.44024535097,10821.0312088988,10662.8012889672,10944.1686251877
"643",643,2021-11-24,12450,13164.8152356696,11318.5300898748,11155.3703892765,11476.03394425
"644",644,2021-11-25,13756,12830.3438367225,11754.3580377602,11597.6948781257,11902.3974241875
"645",645,2021-11-26,13681,14000.2166699502,12189.095009269,12031.5887224395,12338.0943308789
"646",646,2021-11-27,12869,13942.5624422611,12597.9329988059,12442.6047055993,12746.0040889766
"647",647,2021-11-28,12927,11979.727856682,12853.1294325714,12676.1618302064,12994.6790743264
"648",648,2021-11-29,7972,8545.44523098355,12856.821424301,12675.0105740963,12986.9429148674
"649",649,2021-11-30,12757,12216.5373541724,13475.5312647537,13301.6936517712,13598.48751344
"650",650,2021-12-01,15073,15732.0141343874,14138.3647926134,13834.1568391252,14289.7870797215
"651",651,2021-12-02,16810,16247.2348308618,14304.0767280286,13839.8394438486,14507.819920261
"652",652,2021-12-03,17015,17427.0397369009,14451.5586448276,13868.4471982847,14969.7680914281
"653",653,2021-12-04,16627,16609.0758182138,14898.3535897637,14298.3535932164,15461.0943512974
"654",654,2021-12-05,15010,14638.8384821215,15761.9120702146,14736.4786774375,16478.4453054317
"655",655,2021-12-06,9494,9667.19046244444,15836.5550590089,14727.3134305659,16585.2779170363
"656",656,2021-12-07,15742,15439.6244210998,16247.9624430422,14985.2103749606,17400.4461542516
"657",657,2021-12-08,17946,17968.9098653755,16597.7719136678,15218.5017781148,18355.276712775
"658",658,2021-12-09,12516,13325.7445582201,17075.3060783305,15607.5326349825,19051.8759761405
"659",659,2021-12-10,20490,19047.9102191094,17879.5710300003,16403.4187212858,19851.5307383957
"660",660,2021-12-11,21035,20850.8187018941,18608.1636147734,17116.9220474867,20575.4832479802
"661",661,2021-12-12,19212,19271.0828014533,19117.2094098396,17610.7520613449,21083.6591256106
"662",662,2021-12-13,12704,13918.9046371424,19200.9483288184,17705.0272546122,21160.9440302115
"663",663,2021-12-14,20665,21562.2000095446,20319.8317264789,18727.2545716089,22587.9230020134
"664",664,2021-12-15,23190,21443.8144402349,21696.9928670389,20082.3433471931,23967.8016333258
"665",665,2021-12-16,26104,25751.0370033098,23337.6360876495,21836.5105334137,25564.6652218265
"666",666,2021-12-17,28615,30263.9492556732,25698.5810814116,24354.0912987307,27882.7246603144
"667",667,2021-12-18,28057,26876.4665139093,28246.4363010429,27007.3354755492,30145.1669564327
"668",668,2021-12-19,24303,23283.2626256094,28921.5831297994,27371.7339012481,30896.70188873
"669",669,2021-12-20,16205,17608.8438287611,29153.1321997859,27734.6237565123,31069.9400103156
"670",670,2021-12-21,30783,30484.3564430251,32845.4757947692,30027.4674261865,35300.1238109864
"671",671,2021-12-22,36326,37259.2465960929,38240.2772032691,34902.4988087784,40528.2058896822
"672",672,2021-12-23,44585,45129.4541444044,45506.5136095154,42254.3386626586,47232.8110359656
"673",673,2021-12-24,50590,49809.8725296292,53607.2149884815,49262.4907364183,55124.7900415959
"674",674,2021-12-25,54787,55658.0300965746,61108.4630158143,56425.3179699154,62653.9835921365
"675",675,2021-12-26,24882,23987.7136287658,64101.8262129029,59167.8979327777,67507.6057333942
"676",676,2021-12-27,30799,29655.4591450553,67020.1435131226,62086.3508967043,70571.8725493246
"677",677,2021-12-28,78300,79027.0505991081,74605.5873677331,65855.7220778846,79141.4932571231
"678",678,2021-12-29,98016,98015.0371246499,85271.4913367856,71593.4476915295,89667.0216991942
"679",679,2021-12-30,127000,128524.532040563,97352.6104825113,80922.4687410657,101857.938788312
"680",680,2021-12-31,144255,142881.339670633,104185.589967817,85181.7784202097,109617.247105257
"681",681,2022-01-01,141256,139301.724524578,110601.332009593,90206.2393079968,116382.113931159
"682",682,2022-01-02,61137,69795.5660241453,119578.360433747,96992.2962735501,126176.474793928
"683",683,2022-01-03,68034,61065.1002905171,126514.323170762,103128.488294269,133419.018404928
"684",684,2022-01-04,170837,169168.434037771,139014.812331075,114745.979483192,146067.77752071
"685",685,2022-01-05,189088,191995.745963304,149739.016073958,124708.739851867,157072.714785156
"686",686,2022-01-06,219430,218738.488674812,155710.512599274,131351.333582464,162807.436978548
"687",687,2022-01-07,108297,110223.619328453,160626.599893507,136341.812432912,167696.936977979
"688",688,2022-01-08,197535,188677.952407314,163884.42651847,140773.067319748,170935.199232238
"689",689,2022-01-09,155642,160943.564975515,164963.922809652,142173.151016938,171989.662998975
"690",690,2022-01-10,117405,117747.5583034,165695.240589929,143153.709766621,170860.438245919
"691",691,2022-01-11,220519,219875.774367237,170117.745958982,145329.51207797,175409.738157061
"692",692,2022-01-12,196205,195871.876460472,174762.434419506,151267.178517345,179142.699465255
"693",693,2022-01-13,184577,185949.365904455,175579.22033308,155952.908156176,179833.5077759
"694",694,2022-01-14,200869,202231.8598905,173440.330610797,156583.814934836,177609.413207781
"695",695,2022-01-15,192936,192099.162789305,175468.149364678,161179.553986042,178712.227376953
"696",696,2022-01-16,157465,159278.315996464,175199.68778681,162306.264908427,178098.983242486
"697",697,2022-01-17,83387,84629.1299869344,167764.666734693,157062.191917925,169858.249820389
"698",698,2022-01-18,228123,209212.039500071,166403.215464318,155918.240538639,170346.636384254
"699",699,2022-01-19,200966,214312.932245473,162261.857238697,152719.473748354,166576.352690536
"700",700,2022-01-20,198865,200059.827601877,157335.122258497,150034.173109475,160798.548075997
"701",701,2022-01-21,185600,187780.895482373,154612.698313067,147302.549483388,158124.569972234
"702",702,2022-01-22,177335,180368.146754202,150407.285365537,143156.636095448,153910.8375248
"703",703,2022-01-23,142487,137629.554077084,144482.545452726,137210.729038419,147972.662569449
"704",704,2022-01-24,77666,78168.0826608529,137852.289956488,130552.364717955,141811.429797399
"705",705,2022-01-25,211277,201200.097020741,138159.523903883,130673.208132332,142322.128199424
"706",706,2022-01-26,170940,199308.828404354,137151.603156634,131898.528385287,141045.836050677
"707",707,2022-01-27,156040,135598.232646412,131355.574942089,128611.448797184,135182.970735319
"708",708,2022-01-28,144347,147735.381141872,124746.816258391,123122.941719701,128654.161143751
"709",709,2022-01-29,137427,136742.11766432,118407.826971062,116722.795461364,122475.801245823
"710",710,2022-01-30,104110,101721.721508748,111823.012255659,110152.923067217,115919.223817291
"711",711,2022-01-31,57631,63292.2011877336,105448.687259505,103430.808098596,109660.539195126
"712",712,2022-02-01,133306,132649.555774001,103590.91631576,101478.322082151,108159.701470931
"713",713,2022-02-02,119323,119235.261631479,100266.830511898,98632.5646901949,103689.825933891
"714",714,2022-02-03,112956,110182.025641738,93883.2258858594,92042.4994729353,97851.4221499227
"715",715,2022-02-04,100900,100565.754319002,86935.1289923339,84709.6168281035,91928.8005584002
"716",716,2022-02-05,93192,97975.9594000652,80352.12365541,77702.1043427017,86465.7696225188
"717",717,2022-02-06,78943,72306.020354663,73875.840828645,70916.1933038249,80796.4438860287
"718",718,2022-02-07,41602,51526.0076398188,68859.3952517098,65909.019499165,75776.7467975043
"719",719,2022-02-08,102429,97982.8151175454,67763.2011992245,64634.6563182667,74467.1250868396
"720",720,2022-02-09,81669,78398.1680956436,65170.6165674471,62125.4265466274,72362.6972805659
"721",721,2022-02-10,76195,74943.2932612346,61096.6468919395,58057.390435136,68291.6954382055
"722",722,2022-02-11,67478,72829.9718666049,57145.7743711952,54113.1454470785,64337.6504559219
"723",723,2022-02-12,62221,60272.3430510666,53887.6265053698,50896.1056862195,60967.4777455038
"724",724,2022-02-13,52345,46417.5755445464,50679.185614876,47747.8914121008,57572.67858535
"725",725,2022-02-14,28776,32644.0091737127,47080.4315547097,44152.4975176666,53958.5798894414
"726",726,2022-02-15,71023,71248.03664493,45999.2745630352,43159.8695450025,53951.2070417203
"727",727,2022-02-16,59869,58735.5606397353,45794.8708321225,42821.7939980358,54255.6075636998
"728",728,2022-02-17,58055,58096.9405839294,44594.457588611,41780.2756421554,52009.9315671853
"729",729,2022-02-18,53700,53191.4539564066,43472.0736004328,41082.6501569124,49723.3178550698
"730",730,2022-02-19,50675,49501.822507103,42624.8165418675,40623.7749011398,47867.8381485905
"731",731,2022-02-20,42202,43311.7379196528,41730.0342484873,40158.0412568749,45833.820118678
"732",732,2022-02-21,24484,33457.2675571572,40276.7673557392,39007.4063449348,43594.6437227512
"733",733,2022-02-22,60137,51977.1260302477,40440.2746191551,38719.4792305831,44232.9064536229
"734",734,2022-02-23,49162,50543.6703145066,40235.3875353188,38715.155233501,44503.0957904899
"735",735,2022-02-24,47493,45703.811150033,39747.386338127,38259.509301132,43381.4091135525
"736",736,2022-02-25,42069,44463.8469736641,38437.4625385886,36958.5296637469,42417.6497594185
"737",737,2022-02-26,39360,37879.2890574988,37489.8335080324,35614.6803377679,41608.9301576692
"738",738,2022-02-27,31878,27853.3886613566,36550.6440648956,34545.2686970036,40951.9472780938
"739",739,2022-02-28,18278,26452.7283838689,36107.8468074142,33961.4227777158,40843.1624628093
"740",740,2022-03-01,47136,37312.2398705818,37058.0728376632,34741.8116927129,42161.8007362796
"741",741,2022-03-02,37946,42640.4246859523,37637.4298247741,35465.7108862056,41558.4091796006
"742",742,2022-03-03,42588,44624.387310219,36764.5553811511,34742.260512068,39715.3651842276
"743",743,2022-03-04,38353,37706.1187150022,35699.3917032733,33909.7796122068,38826.424644052
"744",744,2022-03-05,41364,39236.6957863718,34914.9828006801,32939.6591463264,38420.0987883728
