"","date","aju_1","aju_2","aju_3","aju_4"
"1",2020-02-21,0,0,0,0
"2",2020-02-22,0,0,0,0
"3",2020-02-23,0,0,0,0
"4",2020-02-24,0,0,0,0
"5",2020-02-25,0,0,0,0
"6",2020-02-26,0,0,0,0
"7",2020-02-27,0,0,0,0
"8",2020-02-28,0,0,0,0
"9",2020-02-29,0,0,0,0
"10",2020-03-01,0,0,0,0
"11",2020-03-02,0,0,0,0
"12",2020-03-03,0,0,0,0
"13",2020-03-04,0,0,0,0
"14",2020-03-05,0,0,0,0
"15",2020-03-06,0,0,0,0
"16",2020-03-07,0,0,0,0
"17",2020-03-08,0,0,0,0
"18",2020-03-09,0,0,0,0
"19",2020-03-10,0,0,0,0
"20",2020-03-11,0,0,0,0
"21",2020-03-12,0,0,0,0
"22",2020-03-13,0,0,0,0
"23",2020-03-14,0,0,0,0
"24",2020-03-15,0,0,0,0
"25",2020-03-16,0,0,0,0
"26",2020-03-17,0,0,0,0
"27",2020-03-18,0,0,0,0
"28",2020-03-19,0,0,0,0
"29",2020-03-20,0,0,0,0
"30",2020-03-21,0,0,0,0
"31",2020-03-22,0,0,0,0
"32",2020-03-23,0,0,0,0
"33",2020-03-24,0,0,0,0
"34",2020-03-25,0,0,0,0
"35",2020-03-26,0,0,0,0
"36",2020-03-27,0,0,0,0
"37",2020-03-28,0,0,0,0
"38",2020-03-29,0,0,0,0
"39",2020-03-30,0,0,0,0
"40",2020-03-31,0,0,0,0
"41",2020-04-01,0,0,0,0
"42",2020-04-02,0,0,0,0
"43",2020-04-03,0,0,0,0
"44",2020-04-04,0,0,0,0
"45",2020-04-05,0,0,0,0
"46",2020-04-06,0,0,0,0
"47",2020-04-07,0,0,0,0
"48",2020-04-08,0,0,0,0
"49",2020-04-09,0,0,0,0
"50",2020-04-10,0,0,0,0
"51",2020-04-11,0,0,0,0
"52",2020-04-12,0,0,0,0
"53",2020-04-13,0,0,0,0
"54",2020-04-14,0,0,0,0
"55",2020-04-15,0,0,0,0
"56",2020-04-16,0,0,0,0
"57",2020-04-17,0,0,0,0
"58",2020-04-18,0,0,0,0
"59",2020-04-19,0,0,0,0
"60",2020-04-20,0,0,0,0
"61",2020-04-21,0,0,0,0
"62",2020-04-22,0,0,0,0
"63",2020-04-23,0,0,0,0
"64",2020-04-24,0,0,0,0.0000000000656340574950863
"65",2020-04-25,0,0,0,0.000000000179512635822095
"66",2020-04-26,0,0,0,0.000000000331698856887788
"67",2020-04-27,0,0,0,0.000000000570899421900519
"68",2020-04-28,0,0,0,0.000000000918306062955369
"69",2020-04-29,0,0,0,0.00000000138427974673274
"70",2020-04-30,0,0,0,0.00000000195147601185343
"71",2020-05-01,0,0,0,0.00000000269643396021628
"72",2020-05-02,0,0,0,0.0000000036153063211054
"73",2020-05-03,0,0,0,0.00000000471999043003494
"74",2020-05-04,0,0,0,0.00000000601048628700490
"75",2020-05-05,0,0,0,0.00000000748939683094845
"76",2020-05-06,0,0,0,0.0000000092213638282503
"77",2020-05-07,0,0,0,0.0000000111995690420895
"78",2020-05-08,0,0,0,0.0000000133615444687769
"79",2020-05-09,0,0,0,0.00000001571752991643
"80",2020-05-10,0,0,0,0.0000000182662501390137
"81",2020-05-11,0,0,0,0.0000000211048031604156
"82",2020-05-12,0,0,0,0.0000000248551389261294
"83",2020-05-13,0,0,0,0.0000000310532939738772
"84",2020-05-14,0,0,0,0.0000000434489964203006
"85",2020-05-15,0,0,0,0.0000000687010225054075
"86",2020-05-16,0,0,0,0.000000118125004224191
"87",2020-05-17,0,0,0,0.000000205148297438084
"88",2020-05-18,0,0,0,0.000000351486330686166
"89",2020-05-19,0,0,0,0.000000585136296625074
"90",2020-05-20,0,0,0,0.000000942756857519665
"91",2020-05-21,0,0,0,0.00000147314592622243
"92",2020-05-22,0,0,0,0.00000223346638129892
"93",2020-05-23,0,0,0,0.00000330036992601229
"94",2020-05-24,0,0,0,0.00000475523829892642
"95",2020-05-25,0,0,0,0.00000670414433629268
"96",2020-05-26,0,0,0,0.00000928442134474604
"97",2020-05-27,0,0,0,0.0000126466944021339
"98",2020-05-28,0,0,0,0.0000169723964855971
"99",2020-05-29,0,0,0,0.0000224800714508641
"100",2020-05-30,0,0,0,0.0000293236036421731
"101",2020-05-31,0,0,0,0.0000377469480793178
"102",2020-06-01,0,0,0,0.0000479153878902444
"103",2020-06-02,0,0,0,0.0000600059403948232
"104",2020-06-03,0,0,0,0.0000741927645711484
"105",2020-06-04,0,0,0,0.0000905794111121134
"106",2020-06-05,0,0,0,0.000109322441983112
"107",2020-06-06,0,0,0,0.000130373937798177
"108",2020-06-07,0,0,0,0.00015379897698435
"109",2020-06-08,0,0,0,0.000179603850875008
"110",2020-06-09,0,0,0,0.00020767864126366
"111",2020-06-10,0,0,0,0.0002380047739647
"112",2020-06-11,0,0,0,0.000270324207938056
"113",2020-06-12,0,0,0,0.000304471541526503
"114",2020-06-13,0,0,0,0.000340378418047171
"115",2020-06-14,0,0,0,0.000377996473817462
"116",2020-06-15,0,0,0,0.000417106525731358
"117",2020-06-16,0,0,0,0.000457622922859233
"118",2020-06-17,0,0,0,0.000499451401809218
"119",2020-06-18,0,0,0,0.000542292992251861
"120",2020-06-19,0,0,0,0.000586205042935866
"121",2020-06-20,0,0,0,0.000631163911886793
"122",2020-06-21,0,0,0,0.000677023819563505
"123",2020-06-22,0,0,0,0.00072375952557975
"124",2020-06-23,0,0,0,0.000771292947758307
"125",2020-06-24,0,0,0,0.000819628121751089
"126",2020-06-25,0,0,0,0.000868754471892265
"127",2020-06-26,0,0,0,0.000918511988664458
"128",2020-06-27,0,0,0,0.000968839272993045
"129",2020-06-28,0,0,0,0.00101962544212164
"130",2020-06-29,0,0,0,0.00107070381294792
"131",2020-06-30,0,0,0,0.00112198847304607
"132",2020-07-01,0,0,0,0.00117343198757088
"133",2020-07-02,0,0,0,0.0012249093326634
"134",2020-07-03,0,0,0,0.00127615180922791
"135",2020-07-04,0,0,0,0.00132722599629791
"136",2020-07-05,0,0,0,0.00137794626323213
"137",2020-07-06,0,0,0,0.00142811347987877
"138",2020-07-07,0,0,0,0.00147770654027957
"139",2020-07-08,0,0,0,0.00152670033304122
"140",2020-07-09,0,0,0,0.0015749149677326
"141",2020-07-10,0,0,0,0.00162223805201792
"142",2020-07-11,0,0,0,0.00166873675879115
"143",2020-07-12,0,0,0,0.00171432131934344
"144",2020-07-13,0,0,0,0.00175886449017006
"145",2020-07-14,0,0,0,0.00180245684603786
"146",2020-07-15,0,0,0,0.0018450272785971
"147",2020-07-16,0,0,0,0.00188664695892887
"148",2020-07-17,0,0,0,0.0019271815450416
"149",2020-07-18,0,0,0,0.00196683682867763
"150",2020-07-19,0,0,0,0.00200559160340611
"151",2020-07-20,0,0,0,0.00204336807889136
"152",2020-07-21,0,0,0,0.00208016702008074
"153",2020-07-22,0,0,0,0.00211608415783161
"154",2020-07-23,0,0,0,0.00215108784952078
"155",2020-07-24,0,0,0,0.00218501174235755
"156",2020-07-25,0,0,0,0.00221811870704322
"157",2020-07-26,0,0,0,0.00225048682447423
"158",2020-07-27,0,0,0,0.00228205958746324
"159",2020-07-28,0,0,0,0.00231279597007589
"160",2020-07-29,0,0,0,0.00234275376255439
"161",2020-07-30,0,0,0,0.00237196041176608
"162",2020-07-31,0,0,0,0.00240036434086651
"163",2020-08-01,0,0,0,0.0024280638611063
"164",2020-08-02,0,0,0,0.00245512438990398
"165",2020-08-03,0,0,0,0.00248157221591405
"166",2020-08-04,0,0,0,0.00250741880456523
"167",2020-08-05,0,0,0,0.00253266867973751
"168",2020-08-06,0,0,0,0.0025575826278036
"169",2020-08-07,0,0,0,0.00258212403698181
"170",2020-08-08,0,0,0,0.00260643098406714
"171",2020-08-09,0,0,0,0.00263070409603954
"172",2020-08-10,0,0,0,0.00265513109677062
"173",2020-08-11,0,0,0,0.00267978832846993
"174",2020-08-12,0,0,0,0.00270480849968872
"175",2020-08-13,0,0,0,0.00273031277562043
"176",2020-08-14,0,0,0,0.00275640114707527
"177",2020-08-15,0,0,0,0.0027832521575513
"178",2020-08-16,0,0,0,0.00281090821377674
"179",2020-08-17,0,0,0,0.00283946444335277
"180",2020-08-18,0,0,0,0.00286899604299126
"181",2020-08-19,0,0,0,0.00289954508604767
"182",2020-08-20,0,0,0,0.00293101527181841
"183",2020-08-21,0,0,0,0.00296336505869429
"184",2020-08-22,0,0,0,0.00299652884242948
"185",2020-08-23,0,0,0,0.00303050761748619
"186",2020-08-24,0,0,0,0.00306525300693321
"187",2020-08-25,0,0,0,0.00310070986028291
"188",2020-08-26,0,0,0,0.00313684969128154
"189",2020-08-27,0,0,0,0.0031737385606376
"190",2020-08-28,0,0,0,0.00321144803878792
"191",2020-08-29,0,0,0,0.0032501826855938
"192",2020-08-30,0,0,0,0.00329012818663551
"193",2020-08-31,0,0,0,0.00333155606208651
"194",2020-09-01,0,0,0,0.00337473502601083
"195",2020-09-02,0,0,0,0.0034200163569519
"196",2020-09-03,0,0,0,0.00346774840400628
"197",2020-09-04,0,0,0,0.00351823873996343
"198",2020-09-05,0,0,0,0.00357188297819299
"199",2020-09-06,0,0,0,0.00362903914723187
"200",2020-09-07,0,0,0,0.0036900347663888
"201",2020-09-08,0,0,0,0.00375514339449966
"202",2020-09-09,0,0,0,0.00382452374092594
"203",2020-09-10,0,0,0,0.00389828186455979
"204",2020-09-11,0,0,0,0.00397645564693047
"205",2020-09-12,0,0,0,0.00405910135229778
"206",2020-09-13,0,0,0,0.0041463665995243
"207",2020-09-14,0,0,0,0.00423866105106126
"208",2020-09-15,0,0,0,0.00433694324852687
"209",2020-09-16,0,0,0,0.00444276079360847
"210",2020-09-17,0,0,0,0.00455846158837417
"211",2020-09-18,0,0,0,0.00468675946658255
"212",2020-09-19,0,0,0,0.00483061042395571
"213",2020-09-20,0,0,0,0.00499319484741647
"214",2020-09-21,0,0,0,0.00517785190309863
"215",2020-09-22,0,0,0,0.00538783104621822
"216",2020-09-23,0,0,0,0.00562611182807871
"217",2020-09-24,0,0,0,0.00589531223509183
"218",2020-09-25,0,0,0,0.00619784713175751
"219",2020-09-26,0,0,0,0.00653609064611542
"220",2020-09-27,0,0,0,0.00691213511119601
"221",2020-09-28,0,0,0,0.00732728697756657
"222",2020-09-29,0,0,0,0.00778217130445141
"223",2020-09-30,0,0,0,0.00827635988641145
"224",2020-10-01,0,0,0,0.00880884937217676
"225",2020-10-02,0,0,0,0.00937816608466078
"226",2020-10-03,0,0,0,0.00998218691784304
"227",2020-10-04,0,0,0,0.0106181769848991
"228",2020-10-05,0,0,0,0.0112834513147517
"229",2020-10-06,0,0,0,0.0119754463594046
"230",2020-10-07,0,0,0,0.0126920460610508
"231",2020-10-08,0,0,0,0.0134312144091964
"232",2020-10-09,0,0,0,0.0141907772695454
"233",2020-10-10,0,0,0,0.0149681178209234
"234",2020-10-11,0,0,0,0.0157609689877372
"235",2020-10-12,0,0,0,0.0165668995732597
"236",2020-10-13,0,0,0,0.0173834610525076
"237",2020-10-14,0,0,0,0.0182076176970903
"238",2020-10-15,0,0,0,0.0190360661749109
"239",2020-10-16,0,0,0,0.0198650726568856
"240",2020-10-17,0,0,0,0.0206913103405983
"241",2020-10-18,0,0,0,0.0215111038780963
"242",2020-10-19,0,0,0,0.0223206849073964
"243",2020-10-20,0,0,0,0.0231161000845349
"244",2020-10-21,0,0,0,0.0238934749591655
"245",2020-10-22,0,0,0,0.0246490760322742
"246",2020-10-23,0,0,0,0.0253801201857334
"247",2020-10-24,0,0,0,0.0260838984289581
"248",2020-10-25,0,0,0,0.0267579805634881
"249",2020-10-26,0,0,0,0.0274002494749972
"250",2020-10-27,0,0,0,0.0280092632577751
"251",2020-10-28,0,0,0,0.0285843978260261
"252",2020-10-29,0,0,0,0.0291260197028309
"253",2020-10-30,0,0,0,0.0296346726171507
"254",2020-10-31,0,0,0,0.0301114234256291
"255",2020-11-01,0,0,0,0.0305577311625274
"256",2020-11-02,0,0,0,0.030975235765517
"257",2020-11-03,0,0,0,0.0313656997976053
"258",2020-11-04,0,0,0,0.0317308473427847
"259",2020-11-05,0,0,0,0.0320719196429864
"260",2020-11-06,0,0,0,0.0323898760731911
"261",2020-11-07,0,0,0,0.0326860046823141
"262",2020-11-08,0,0,0,0.0329614966774356
"263",2020-11-09,0,0,0,0.0332176626581686
"264",2020-11-10,0,0,0,0.0334556339723955
"265",2020-11-11,0,0,0,0.0336765627130523
"266",2020-11-12,0,0,0,0.0338815468837203
"267",2020-11-13,0,0,0,0.0340716742773473
"268",2020-11-14,0,0,0,0.0342479440279219
"269",2020-11-15,0,0,0,0.0344113860313775
"270",2020-11-16,0,0,0,0.0345629542803035
"271",2020-11-17,0,0,0,0.0347035412887555
"272",2020-11-18,0,0,0,0.0348339723446318
"273",2020-11-19,0,0,0,0.0349551300040436
"274",2020-11-20,0,0,0,0.0350675642613682
"275",2020-11-21,0,0,0,0.0351718661407986
"276",2020-11-22,0,0,0,0.0352685865575507
"277",2020-11-23,0,0,0,0.0353582185331916
"278",2020-11-24,0,0,0,0.0354412167175883
"279",2020-11-25,0,0,0,0.035517972675202
"280",2020-11-26,0,0,0,0.0355888583068888
"281",2020-11-27,0,0,0,0.0356542305235237
"282",2020-11-28,0,0,0,0.0357144312968312
"283",2020-11-29,0,0,0,0.035769778743537
"284",2020-11-30,0,0,0,0.0358205585674572
"285",2020-12-01,0,0,0,0.0358670523602268
"286",2020-12-02,0,0,0,0.0359095742202259
"287",2020-12-03,0,0,0,0.0359483952281624
"288",2020-12-04,0,0,0,0.0359837964646965
"289",2020-12-05,0,0,0,0.0360159931116972
"290",2020-12-06,0,0,0,0.0360451531446046
"291",2020-12-07,0,0,0,0.0360714099534833
"292",2020-12-08,0,0,0,0.0360949123247632
"293",2020-12-09,0,0,0,0.0361157811977958
"294",2020-12-10,0,0,0,0.036134150238261
"295",2020-12-11,0,0,0,0.0361500945612106
"296",2020-12-12,0,0,0,0.0361637472642136
"297",2020-12-13,0,0,0,0.0361752914086667
"298",2020-12-14,0,0,0,0.0361849634533088
"299",2020-12-15,0,0,0,0.0361929570881757
"300",2020-12-16,0,0,0,0.0361994737960583
"301",2020-12-17,0,0,0,0.0362047308744667
"302",2020-12-18,0,0,0,0.0362090115738849
"303",2020-12-19,0,0,0,0.0362125839717199
"304",2020-12-20,0,0,0,0.0362156911199992
"305",2020-12-21,0,0,0,0.0362185837956494
"306",2020-12-22,0,0,0,0.0362215289666198
"307",2020-12-23,0,0,0,0.0362248055800377
"308",2020-12-24,0,0,0,0.0362287202009959
"309",2020-12-25,0,0,0,0.0362335308062775
"310",2020-12-26,0,0,0,0.0362395330070547
"311",2020-12-27,0,0,0,0.0362469600065665
"312",2020-12-28,0,0,0,0.0362561296897666
"313",2020-12-29,0,0,0,0.0362674335267568
"314",2020-12-30,0,0,0,0.03628127077932
"315",2020-12-31,0,0,0,0.0362980807957336
"316",2021-01-01,0,0,0,0.0363184470930305
"317",2021-01-02,0,0,0,0.0363433103711646
"318",2021-01-03,0,0,0,0.0363737245844206
"319",2021-01-04,0,0,0,0.0364109835679849
"320",2021-01-05,0,0,0,0.0364561867365906
"321",2021-01-06,0,0,0,0.0365103504056049
"322",2021-01-07,0,0,0,0.0365748320173536
"323",2021-01-08,0,0,0,0.0366512442123988
"324",2021-01-09,0,0,0,0.0367411659663312
"325",2021-01-10,0,0,0,0.036846562887017
"326",2021-01-11,0,0,0,0.0369688060517937
"327",2021-01-12,0,0,0,0.0371094393906859
"328",2021-01-13,0,0,0,0.0372701452717941
"329",2021-01-14,0,0,0,0.0374522395904488
"330",2021-01-15,0,0,0,0.0376566581887999
"331",2021-01-16,0,0,0,0.0378847478334983
"332",2021-01-17,0,0.0000000068662738657794,0.0000000068662738657794,0.0381378116475024
"333",2021-01-18,0.00000732900431103368,0.00000733948149316413,0.00000733948149316413,0.0384251931864482
"334",2021-01-19,0.0000161930550935673,0.000016207097619965,0.000016207097619965,0.0387433538334252
"335",2021-01-20,0.0000261785170708494,0.0000261995351683828,0.0000261995351683828,0.0390938294636272
"336",2021-01-21,0.0000411490501242401,0.0000412067114662986,0.0000412067114662986,0.0394825090742527
"337",2021-01-22,0.0000825483240578731,0.0000826347069876054,0.0000826347069876054,0.0399330516992757
"338",2021-01-23,0.0001354395094335,0.000135604425853037,0.000135604425853037,0.0404321238438486
"339",2021-01-24,0.00022808053424411,0.000228335495233335,0.000228335495233335,0.0410098793460068
"340",2021-01-25,0.000357237894079342,0.000357648238995695,0.000357648238995695,0.0416650697315286
"341",2021-01-26,0.000557266057476904,0.000557882928565282,0.000557882928565282,0.0424343472152387
"342",2021-01-27,0.000838967673032095,0.000839830231273644,0.000839830231273644,0.0433306722400301
"343",2021-01-28,0.00118695346580642,0.00118812197139571,0.00118812197139571,0.0443397106906539
"344",2021-01-29,0.00162922909734012,0.00163077332752391,0.00163077332752391,0.0454888235219786
"345",2021-01-30,0.00217016950889994,0.00217211845484166,0.00217211845484166,0.0467809647317722
"346",2021-01-31,0.00279353871173047,0.00279589326839967,0.00279589326839967,0.0481966198797744
"347",2021-02-01,0.00347739638695629,0.00348022779702913,0.00348022779702913,0.049709387821697
"348",2021-02-02,0.00424375588790254,0.00424710241550504,0.00424710241550504,0.0513355824233559
"349",2021-02-03,0.00509008959407322,0.00509404144578835,0.00509404144578835,0.0530666124185629
"350",2021-02-04,0.0060067808367998,0.00601141241106978,0.00601141241106978,0.0548871660255702
"351",2021-02-05,0.00700795949165449,0.00701328000354836,0.00701328000354836,0.056805804561023
"352",2021-02-06,0.00806158318632241,0.00806758199197346,0.00806758199197346,0.0587849576846702
"353",2021-02-07,0.00914558936672405,0.00915320628420972,0.00915320628420972,0.0607978540323213
"354",2021-02-08,0.0101932344066673,0.0102035708988839,0.0102035708988839,0.0627714379870174
"355",2021-02-09,0.0111985881823142,0.0112112462473574,0.0112112462473574,0.0646924167376771
"356",2021-02-10,0.0121693083485587,0.0121854150046224,0.0121854150046224,0.0665653366750594
"357",2021-02-11,0.0130721144880636,0.0130972881789032,0.0130972881789032,0.0683577989803693
"358",2021-02-12,0.0138920930557076,0.0139272027340639,0.0139272027340639,0.0700471917973054
"359",2021-02-13,0.0146347456364196,0.0146879864954745,0.0146879864954745,0.0716447638430622
"360",2021-02-14,0.0153208725748336,0.0153960740116691,0.0153960740116691,0.0731664620383292
"361",2021-02-15,0.0159257638336825,0.0160382975742151,0.0160382975742151,0.0745995540345788
"362",2021-02-16,0.0164497720968971,0.0166125457468444,0.0166125457468444,0.0759428484525319
"363",2021-02-17,0.016880125777998,0.0171000282216755,0.0171000282216755,0.077177686187437
"364",2021-02-18,0.0172198854280647,0.0175139465878729,0.0175139465878729,0.0783174766962591
"365",2021-02-19,0.0174710911915429,0.0178533768644179,0.0178533768644179,0.079361750987734
"366",2021-02-20,0.0176595528444563,0.018140817623995,0.018140817623995,0.08033342204141
"367",2021-02-21,0.0178166809629432,0.0183991128701133,0.0183991128701133,0.0812558309823516
"368",2021-02-22,0.0179358005099466,0.0186347296528189,0.0186347296528189,0.0821358333315346
"369",2021-02-23,0.0180266961964427,0.0188534579579188,0.0188534579579188,0.0829798325593744
"370",2021-02-24,0.0180964966631233,0.0190649181645506,0.0190649181645506,0.0837979303201597
"371",2021-02-25,0.0181584593800166,0.0192799051674674,0.0192799051674674,0.0846016175432269
"372",2021-02-26,0.018220721823467,0.0195049141358224,0.0195049141358224,0.0853980359003132
"373",2021-02-27,0.0182950944036772,0.0197412183173823,0.0197412183173823,0.08618911981576
"374",2021-02-28,0.0183810737396494,0.0199836905036933,0.0199836905036933,0.0869704741739918
"375",2021-03-01,0.0184716130179624,0.0202285737466509,0.0202285737466509,0.0877384352484328
"376",2021-03-02,0.0185849945716763,0.0204886210000087,0.0204886210000087,0.0885059600261798
"377",2021-03-03,0.0187268318108441,0.0207710569524509,0.0207710569524509,0.0892799723104664
"378",2021-03-04,0.0189093356147439,0.0210828288983591,0.0210828288983591,0.0900673934519772
"379",2021-03-05,0.019141669829692,0.021432540041659,0.021432540041659,0.0908767676337052
"380",2021-03-06,0.0194277325369088,0.0218230079853129,0.0218230079853129,0.0917111115871513
"381",2021-03-07,0.0197560213178971,0.0222470896266301,0.0222470896266301,0.0925634479819631
"382",2021-03-08,0.0201052814347576,0.0226821987839802,0.0226821987839802,0.093410978504584
"383",2021-03-09,0.0205031040587164,0.0231551839499029,0.0231551839499029,0.0942812016835542
"384",2021-03-10,0.0209545691253122,0.0236709774481081,0.0236709774481081,0.0951793933219558
"385",2021-03-11,0.0214597778840335,0.0242280056798409,0.0242280056798409,0.096104395545262
"386",2021-03-12,0.0220242016238102,0.0248323592309249,0.0248323592309249,0.0970629820468564
"387",2021-03-13,0.0226548520681701,0.0254941887399116,0.0254941887399116,0.0980662888744902
"388",2021-03-14,0.0233444507373447,0.0262101626389519,0.0262101626389519,0.0991120188006612
"389",2021-03-15,0.024052402134471,0.0269404632065086,0.0269404632065086,0.100161342742855
"390",2021-03-16,0.0248192625610001,0.0277260589989307,0.0277260589989307,0.101256841252982
"391",2021-03-17,0.0256342535888541,0.0285575703290112,0.0285575703290112,0.102390288760179
"392",2021-03-18,0.0265003682385448,0.0294401310671898,0.0294401310671898,0.103568026478574
"393",2021-03-19,0.027415253181425,0.0303722686365329,0.0303722686365329,0.104789752647247
"394",2021-03-20,0.0283966728441303,0.0313711961782238,0.0313711961782238,0.106073516947226
"395",2021-03-21,0.0294542602378477,0.0324462102781533,0.0324462102781533,0.10742936920903
"396",2021-03-22,0.0305183738870853,0.0335337697510138,0.0335337697510138,0.108793901069147
"397",2021-03-23,0.0316184142079895,0.0346622536643123,0.0346622536643123,0.110195792077285
"398",2021-03-24,0.0327646319059694,0.0358437965315268,0.0358437965315268,0.111647392052011
"399",2021-03-25,0.0339607296789562,0.0370820897252123,0.0370820897252123,0.113152438995282
"400",2021-03-26,0.0352075458576005,0.0383788004749126,0.0383788004749126,0.114712502852414
"401",2021-03-27,0.0365189349879194,0.0397424945575086,0.0397424945575086,0.11633629829902
"402",2021-03-28,0.0379040083392884,0.0411787842799887,0.0411787842799887,0.118029867564654
"403",2021-03-29,0.0392649495638058,0.0426026262706503,0.0426026262706503,0.11970840561709
"404",2021-03-30,0.0406463585073242,0.0440537802940591,0.0440537802940591,0.121412538844337
"405",2021-03-31,0.042046419740131,0.045531515605011,0.045531515605011,0.123142619379087
"406",2021-04-01,0.0434784348675374,0.0470491083948336,0.0470491083948336,0.124912886968189
"407",2021-04-02,0.0449400169421352,0.0486031261581668,0.0486031261581668,0.126721633667854
"408",2021-04-03,0.0464273276051492,0.0501855438529907,0.0501855438529907,0.128562758857293
"409",2021-04-04,0.047959627556982,0.0518132887682036,0.0518132887682036,0.130455040548447
"410",2021-04-05,0.0494505166514693,0.0534133124615648,0.0534133124615648,0.132326989303173
"411",2021-04-06,0.0509135526832399,0.0549908201669861,0.0549908201669861,0.134185498640608
"412",2021-04-07,0.0523139099630707,0.0565126915216294,0.0565126915216294,0.135998848232879
"413",2021-04-08,0.0536637878712556,0.057988175775077,0.057988175775077,0.137777530552406
"414",2021-04-09,0.0549613510228011,0.0594148852708438,0.0594148852708438,0.139520061947109
"415",2021-04-10,0.0562284882466485,0.0608116101428724,0.0608116101428724,0.141246010136079
"416",2021-04-11,0.0575214781128346,0.0622343652328538,0.0622343652328538,0.143012095706069
"417",2021-04-12,0.0587678626260528,0.0636174388109784,0.0636174388109784,0.144752459363137
"418",2021-04-13,0.0599935395200106,0.0649841500495967,0.0649841500495967,0.146490258628374
"419",2021-04-14,0.061206023995781,0.0663448838279296,0.0663448838279296,0.148235529178878
"420",2021-04-15,0.062420279493165,0.0677107814262568,0.0677107814262568,0.14999843079228
"421",2021-04-16,0.0636637486407894,0.0691072205410559,0.0691072205410559,0.151803379384459
"422",2021-04-17,0.0649647903282865,0.0705616365521017,0.0705616365521017,0.153677148965023
"423",2021-04-18,0.0663575529236592,0.0721036877597596,0.0721036877597596,0.155648096625298
"424",2021-04-19,0.067765101539395,0.0736649962307253,0.0736649962307253,0.157646291396436
"425",2021-04-20,0.069258756737996,0.0753152112529063,0.0753152112529063,0.15973992642013
"426",2021-04-21,0.0708374729756725,0.0770549004486222,0.0770549004486222,0.161928347308827
"427",2021-04-22,0.0725250432797271,0.0789048725486365,0.0789048725486366,0.164231391417836
"428",2021-04-23,0.0743002866956995,0.0808406671405506,0.0808406671405506,0.166623127392444
"429",2021-04-24,0.0761590904408464,0.0828559803718249,0.0828559803718249,0.169095770178669
"430",2021-04-25,0.0781007351942788,0.0849423932210715,0.0849423932210715,0.171639682355871
"431",2021-04-26,0.079996113221045,0.0869819069411351,0.0869819069411351,0.174135015093092
"432",2021-04-27,0.0818747525045831,0.0890132740169691,0.0890132740169691,0.176618918937633
"433",2021-04-28,0.0837874904071256,0.0910819062020856,0.0910819062020856,0.179134974271133
"434",2021-04-29,0.0857558717577836,0.0932064758774427,0.0932064758774427,0.181700129973458
"435",2021-04-30,0.0877857872692392,0.095391815602951,0.095391815602951,0.184317391374803
"436",2021-05-01,0.0898981848769983,0.0976571888917155,0.0976571888917155,0.187004862109513
"437",2021-05-02,0.0921381473394346,0.100044563478352,0.100044563478352,0.189803327600967
"438",2021-05-03,0.0943702533661308,0.102427665761861,0.102427665761861,0.192585614893667
"439",2021-05-04,0.0966102835334318,0.10481846639361,0.10481846639361,0.195362866924409
"440",2021-05-05,0.0988466339842327,0.107206343406185,0.107206343406185,0.198123549707948
"441",2021-05-06,0.101110699354942,0.109626856647946,0.109626856647946,0.200902593406965
"442",2021-05-07,0.10341338443765,0.112089239710469,0.112089239710469,0.203708705882825
"443",2021-05-08,0.105806348775741,0.114642563605081,0.114642563605081,0.206590453058139
"444",2021-05-09,0.108376883827182,0.117372466837107,0.117372466837107,0.209633383398775
"445",2021-05-10,0.110995105717014,0.120164051616198,0.120164051616198,0.21272260130699
"446",2021-05-11,0.113619751561286,0.122967020886173,0.122967020886173,0.215808164936822
"447",2021-05-12,0.116228114697097,0.125761725920023,0.125761725920023,0.21887071745452
"448",2021-05-13,0.118824198786629,0.128554013743331,0.128554013743331,0.221916303943585
"449",2021-05-14,0.121414303799702,0.131346269142392,0.131346269142392,0.224947575884736
"450",2021-05-15,0.124011444392755,0.134148905108121,0.134148905108121,0.227975350148046
"451",2021-05-16,0.126699704880346,0.137030782071458,0.137030782071458,0.231068661651766
"452",2021-05-17,0.12939768490538,0.139931941612286,0.139931941612286,0.234167444306971
"453",2021-05-18,0.132139104109322,0.142888575735503,0.142888575735503,0.237308092185467
"454",2021-05-19,0.134903872878414,0.14588262031463,0.14588262031463,0.240472990752408
"455",2021-05-20,0.137682449100591,0.148908779473019,0.148908779473019,0.243657439952449
"456",2021-05-21,0.140532219845137,0.152021978795506,0.152021978795506,0.246917044570076
"457",2021-05-22,0.143442154837998,0.155195995564434,0.155195995564434,0.250226449126493
"458",2021-05-23,0.146441881799808,0.15846304821678,0.15846304821678,0.253618634697177
"459",2021-05-24,0.149473593539087,0.161768943746586,0.161768943746586,0.257040197139488
"460",2021-05-25,0.152554740140443,0.165134819214574,0.165134819214574,0.260513118090671
"461",2021-05-26,0.155686468245282,0.168556887028678,0.168556887028678,0.264034520917574
"462",2021-05-27,0.158878282529876,0.172050716225297,0.172050716225297,0.267621010108842
"463",2021-05-28,0.162132215938511,0.175618052394145,0.175618052394145,0.271275466886735
"464",2021-05-29,0.165460766297314,0.179270319988055,0.179270319988055,0.275010689563021
"465",2021-05-30,0.168886348868937,0.183018515558405,0.183018515558405,0.278839082373111
"466",2021-05-31,0.172299250095232,0.186768349702085,0.186768349702085,0.282667863918812
"467",2021-06-01,0.175733520279474,0.190546440463333,0.190546440463333,0.286525339772187
"468",2021-06-02,0.179194067906323,0.194353710080643,0.194353710080643,0.290414144305045
"469",2021-06-03,0.182622016378959,0.198135106073846,0.198135106073846,0.294280890287725
"470",2021-06-04,0.186058602036787,0.201930868381761,0.201930868381761,0.29816737455909
"471",2021-06-05,0.189560166173865,0.205790615011673,0.205790615011673,0.302124792200686
"472",2021-06-06,0.193164787560271,0.209744109490515,0.209744109490515,0.306184438109487
"473",2021-06-07,0.19675754623704,0.2137094666065,0.2137094666065,0.310265620944985
"474",2021-06-08,0.20032261558378,0.217653494804215,0.217653494804215,0.314336141004149
"475",2021-06-09,0.203844551485455,0.221556569350529,0.221556569350529,0.318376914960377
"476",2021-06-10,0.207334417218037,0.225448191506093,0.225448191506093,0.322417840219801
"477",2021-06-11,0.210790794953196,0.229312896183765,0.229312896183765,0.326443506753288
"478",2021-06-12,0.214257380804239,0.233176821355127,0.233176821355127,0.330480083749789
"479",2021-06-13,0.217787556349713,0.237093609648069,0.237093609648069,0.334580477175728
"480",2021-06-14,0.221280846578172,0.240991662753525,0.240991662753525,0.338671830439741
"481",2021-06-15,0.224752991917577,0.244882214662607,0.244882214662607,0.342764042011305
"482",2021-06-16,0.228173817092201,0.248737172748916,0.248737172748916,0.346827526766262
"483",2021-06-17,0.231536162858511,0.252552998613802,0.252552998613802,0.350857028977527
"484",2021-06-18,0.234858773394498,0.256335604255602,0.256335604255602,0.354856597687672
"485",2021-06-19,0.238149058217723,0.260069972813373,0.260069972813373,0.358809295426544
"486",2021-06-20,0.24149056976566,0.263839345633437,0.263839345633437,0.362796485930179
"487",2021-06-21,0.244818762939358,0.267597607455619,0.267597607455619,0.366770172770939
"488",2021-06-22,0.248187119076503,0.271382594279968,0.271382594279968,0.370766737726317
"489",2021-06-23,0.25157925993121,0.275154476383923,0.275154476383923,0.374744837790859
"490",2021-06-24,0.254999626602745,0.278958953136227,0.278958953136227,0.378748804343276
"491",2021-06-25,0.258555380311899,0.282880168619651,0.282880168619651,0.382861554947601
"492",2021-06-26,0.262295414211342,0.286971922369847,0.286971922369847,0.387136048653619
"493",2021-06-27,0.266277040944884,0.291285344933702,0.291285344933702,0.391622778112364
"494",2021-06-28,0.270404428352562,0.295748737683073,0.295748737683073,0.396249320811918
"495",2021-06-29,0.274720411872667,0.300389079262657,0.300389079262657,0.401042034214977
"496",2021-06-30,0.279209951536266,0.305188703907754,0.305188703907754,0.4059830522643
"497",2021-07-01,0.283857958074144,0.310125969897313,0.310125969897313,0.411050478109057
"498",2021-07-02,0.28868416815704,0.315222042998083,0.315222042998083,0.41626576133282
"499",2021-07-03,0.293679201544515,0.32045723151937,0.32045723151937,0.421609482201426
"500",2021-07-04,0.29888532335072,0.325886385289566,0.325886385289566,0.427136897178913
"501",2021-07-05,0.304139235108043,0.331397512811811,0.331397512811811,0.432736237463926
"502",2021-07-06,0.309408530602036,0.336939749889084,0.336939749889084,0.438357077409619
"503",2021-07-07,0.314669321784182,0.342502780356954,0.342502780356954,0.443989573622107
"504",2021-07-08,0.319793866728421,0.347958988967284,0.347958988967284,0.449506395351619
"505",2021-07-09,0.324741831110814,0.353262441895521,0.353262441895521,0.454862125231881
"506",2021-07-10,0.329523237356429,0.358411410429812,0.358411410429812,0.460055503957989
"507",2021-07-11,0.33418824071195,0.363450614057548,0.363450614057548,0.465131718314578
"508",2021-07-12,0.338630964732603,0.368308339313377,0.368308339313377,0.470019631746851
"509",2021-07-13,0.342905068843377,0.373021442477939,0.373021442477939,0.474756525727882
"510",2021-07-14,0.347005514175434,0.377585787157233,0.377585787157233,0.479338950638344
"511",2021-07-15,0.350886442012086,0.381959822807925,0.381959822807925,0.483725673646855
"512",2021-07-16,0.354573028189869,0.386174516627615,0.386174516627615,0.487948239085407
"513",2021-07-17,0.358074855375868,0.390218202956321,0.390218202956321,0.491995711209987
"514",2021-07-18,0.361480154803745,0.394167822623166,0.394167822623166,0.495945747371265
"515",2021-07-19,0.364760632945061,0.398026555769561,0.398026555769561,0.499802170191042
"516",2021-07-20,0.36797869164454,0.401847927680856,0.401847927680856,0.503619174085365
"517",2021-07-21,0.371118138701096,0.405606612973864,0.405606612973864,0.507372218287518
"518",2021-07-22,0.374178931020036,0.409291357400928,0.409291357400928,0.511050632790131
"519",2021-07-23,0.377136765913651,0.412881794438173,0.412881794438173,0.514634633043923
"520",2021-07-24,0.379992839174005,0.416381914361113,0.416381914361113,0.518128852534288
"521",2021-07-25,0.382784941554849,0.419803614236606,0.419803614236606,0.521545570502868
"522",2021-07-26,0.385430131651607,0.423115842989298,0.423115842989298,0.52485405134512
"523",2021-07-27,0.387950089651613,0.426315283150136,0.426315283150136,0.528051346585637
"524",2021-07-28,0.390351010092379,0.429418892366576,0.429418892366576,0.531154710708125
"525",2021-07-29,0.392601391941021,0.432400134402995,0.432400134402995,0.534137927664537
"526",2021-07-30,0.394681902091722,0.435236460943489,0.435236460943489,0.536978645243338
"527",2021-07-31,0.396602089117913,0.437929824979138,0.437929824979138,0.539679221806765
"528",2021-08-01,0.398408721831485,0.440493273866211,0.440493273866212,0.542253034171846
"529",2021-08-02,0.400008218951936,0.442908896531869,0.442908896531869,0.544682423218187
"530",2021-08-03,0.401449270589257,0.445185923548464,0.445185923548464,0.546976907135032
"531",2021-08-04,0.402731804484778,0.44732281460193,0.44732281460193,0.549135297247502
"532",2021-08-05,0.403889955565298,0.449363363291097,0.449363363291097,0.551201771126034
"533",2021-08-06,0.4049479827158,0.451320120268189,0.451320120268189,0.553189227091939
"534",2021-08-07,0.405934345607195,0.453206451747119,0.453206451747119,0.555111479941304
"535",2021-08-08,0.406860985717549,0.455020826081842,0.455020826081842,0.556967270963824
"536",2021-08-09,0.407706569836841,0.456790057219024,0.456790057219024,0.558783452807097
"537",2021-08-10,0.408507824278238,0.458524527456558,0.458524527456558,0.560570400941589
"538",2021-08-11,0.409280536446693,0.460240015313682,0.460240015313682,0.562343661856754
"539",2021-08-12,0.410069359331716,0.461972345968297,0.461972345968297,0.5641386070843
"540",2021-08-13,0.410890389998671,0.463720447928186,0.463720447928186,0.565953562751122
"541",2021-08-14,0.411766221512933,0.465492537322894,0.465492537322894,0.567796051176026
"542",2021-08-15,0.4127005073084,0.467285767286305,0.467285767286305,0.569662361152729
"543",2021-08-16,0.413628115785134,0.469098636536173,0.469098636536173,0.571550006213118
"544",2021-08-17,0.414612550718256,0.470959361758114,0.470959361758114,0.57348617494918
"545",2021-08-18,0.415645186249928,0.472845320990485,0.472845320990485,0.575447104333868
"546",2021-08-19,0.416737627879263,0.474762486487712,0.474762486487712,0.577437649819
"547",2021-08-20,0.417913986552335,0.476730359924278,0.476730359924278,0.579476260618214
"548",2021-08-21,0.419195560881562,0.478765368412467,0.478765368412467,0.581578360474481
"549",2021-08-22,0.420545115208327,0.480822887839139,0.480822887839139,0.583698315974341
"550",2021-08-23,0.421886616978961,0.482883880962259,0.482883880962259,0.585816126542693
"551",2021-08-24,0.423263054510718,0.484956485597384,0.484956485597384,0.587939087357027
"552",2021-08-25,0.424662036947821,0.487030228824884,0.487030228824884,0.5900560532767
"553",2021-08-26,0.426095197735283,0.489108406449227,0.489108406449228,0.592169651439722
"554",2021-08-27,0.427549848728953,0.491177723990403,0.491177723990403,0.594266079019117
"555",2021-08-28,0.429076095187325,0.493280358930187,0.493280358930187,0.596387224143435
"556",2021-08-29,0.430673860691544,0.495425188286536,0.495425188286536,0.598541780309448
"557",2021-08-30,0.432239125711531,0.497527186633073,0.497527186633073,0.600644511238327
"558",2021-08-31,0.433842046966139,0.4996291351609,0.4996291351609,0.602738197656201
"559",2021-09-01,0.435465782902833,0.501722967399669,0.501722967399669,0.604814725654043
"560",2021-09-02,0.437083949372986,0.503777793120091,0.503777793120091,0.606843243817193
"561",2021-09-03,0.438694887023378,0.505794826657297,0.505794826657297,0.608825049839626
"562",2021-09-04,0.440306398011532,0.507765710822172,0.507765710822172,0.610751986793878
"563",2021-09-05,0.441872556436639,0.509660746792057,0.509660746792057,0.612594505131514
"564",2021-09-06,0.443314508972387,0.511420103000033,0.511420103000033,0.614292950685842
"565",2021-09-07,0.444727792519974,0.513127518787296,0.513127518787296,0.615931299294393
"566",2021-09-08,0.446093343284413,0.514760894416878,0.514760894416878,0.617487732014678
"567",2021-09-09,0.447417970613054,0.516329194102662,0.516329194102662,0.618971476526302
"568",2021-09-10,0.448676318604667,0.517811751571662,0.517811751571662,0.62036213622039
"569",2021-09-11,0.449893799634447,0.519229594197113,0.519229594197113,0.621681015612148
"570",2021-09-12,0.451076618256436,0.520597672998054,0.520597672998054,0.622943396682881
"571",2021-09-13,0.452125368609288,0.521844718947861,0.521844718947861,0.624078267665897
"572",2021-09-14,0.453133472706004,0.52303954870661,0.52303954870661,0.625154778327885
"573",2021-09-15,0.454097227650666,0.524191323163817,0.524191323163817,0.626182383965122
"574",2021-09-16,0.455005172358162,0.525287056514106,0.525287056514106,0.627148331201703
"575",2021-09-17,0.455872668304909,0.526349897459939,0.526349897459939,0.628076054992557
"576",2021-09-18,0.456784563431582,0.527458645355447,0.527458645355447,0.629044687591275
"577",2021-09-19,0.457759471057946,0.528632878278742,0.528632878278742,0.630074090655283
"578",2021-09-20,0.458673225591051,0.529780125704726,0.529780125704726,0.63107205839616
"579",2021-09-21,0.459604852254367,0.530951972289429,0.530951972289429,0.632090448537379
"580",2021-09-22,0.460533150362911,0.53212946536315,0.53212946536315,0.633110579126926
"581",2021-09-23,0.461464158588882,0.533318231442928,0.533318231442928,0.634138339544039
"582",2021-09-24,0.462395512661902,0.534517360008143,0.534517360008143,0.635173071342219
"583",2021-09-25,0.463359387213537,0.535744775764393,0.535744775764393,0.636232945609351
"584",2021-09-26,0.464368438762984,0.537012178720389,0.537012178720389,0.637329908725891
"585",2021-09-27,0.465293856888076,0.538218316034136,0.538218316034136,0.638362927112203
"586",2021-09-28,0.466189406848248,0.53940065940284,0.53940065940284,0.639369681042018
"587",2021-09-29,0.46705131346802,0.540549488639984,0.540549488639984,0.640340711688626
"588",2021-09-30,0.467885148388907,0.541676833756687,0.541676833756687,0.641288239718345
"589",2021-10-01,0.468689009946232,0.542775400624668,0.542775400624668,0.642205167786485
"590",2021-10-02,0.469480669255159,0.543851229320534,0.543851229320534,0.643097753830407
"591",2021-10-03,0.47027413186054,0.544917891178536,0.544917891178536,0.643979770448456
"592",2021-10-04,0.470964518046504,0.545897855865934,0.545898003095043,0.644774032777441
"593",2021-10-05,0.471586685342799,0.546804376496047,0.546804817469314,0.645494003288921
"594",2021-10-06,0.472145954220864,0.547641264950726,0.547642143881859,0.646143738240175
"595",2021-10-07,0.472653577658435,0.548421664759645,0.548423202353802,0.646736718392086
"596",2021-10-08,0.473109101836489,0.549142236448537,0.549144682388874,0.647269925081372
"597",2021-10-09,0.473541390309882,0.549834807763922,0.5498383300694,0.647775499335021
"598",2021-10-10,0.473997329274497,0.550541326835624,0.550546035130706,0.648295799311801
"599",2021-10-11,0.474403491144851,0.551214532194049,0.55122228434947,0.648785882918863
"600",2021-10-12,0.47479912317244,0.551870285615842,0.551882915638446,0.649262230789553
"601",2021-10-13,0.475190781186706,0.552516509263541,0.552535970068175,0.649733643509578
"602",2021-10-14,0.475588163873098,0.553155335345194,0.553183560326035,0.650203024283707
"603",2021-10-15,0.475992238967794,0.553793039080943,0.553831895664867,0.650677430921358
"604",2021-10-16,0.476418567204411,0.554445775264142,0.554496451298629,0.651173181605099
"605",2021-10-17,0.476883330560605,0.555125514262114,0.555188917658183,0.651702757131867
"606",2021-10-18,0.477333639171699,0.555794600357161,0.555872641619982,0.652230253229934
"607",2021-10-19,0.47779858172084,0.556466392110337,0.556561276676475,0.652770042280592
"608",2021-10-20,0.478276972824984,0.557143404900279,0.557257432162513,0.653325382868426
"609",2021-10-21,0.478773365884249,0.557830698772039,0.557966723084029,0.653902507457341
"610",2021-10-22,0.479281786022186,0.558519362984951,0.558681059718686,0.654493866755687
"611",2021-10-23,0.479773367193186,0.559181062460273,0.559371178270756,0.655070729272305
"612",2021-10-24,0.480273691264797,0.559841047692912,0.560061078458483,0.655657602937623
"613",2021-10-25,0.480725080753977,0.560446633560456,0.560701663743196,0.656206042609082
"614",2021-10-26,0.481146712882939,0.561008682662472,0.561303869802772,0.656727771472139
"615",2021-10-27,0.481535283954144,0.561523693026277,0.561864109132365,0.657220162241862
"616",2021-10-28,0.481892717752422,0.561998160391659,0.562388932256016,0.65769086897666
"617",2021-10-29,0.482217482185445,0.562433039714232,0.562879210771092,0.658142058664907
"618",2021-10-30,0.482519709944441,0.562838348519959,0.563343349329066,0.658583669602092
"619",2021-10-31,0.482820826085816,0.563233243986676,0.563799001665037,0.659034937617281
"620",2021-11-01,0.483069346976786,0.56357654643506,0.564209314090005,0.659460474821838
"621",2021-11-02,0.483297922901647,0.563894530319298,0.564601569164849,0.659888919764886
"622",2021-11-03,0.483510880526342,0.564194090892138,0.564983652021727,0.660329314252484
"623",2021-11-04,0.483708400639243,0.564476205790492,0.565357196532089,0.660784278094514
"624",2021-11-05,0.483919083737489,0.564771572310741,0.565751486628319,0.661283776669536
"625",2021-11-06,0.484142689190797,0.565078390825675,0.566161961513027,0.661823531534241
"626",2021-11-07,0.484388128224761,0.565401714321591,0.566592306852446,0.662407029497091
"627",2021-11-08,0.484609057724355,0.565708027909934,0.567010571380593,0.663001558183012
"628",2021-11-09,0.484825332584313,0.566007134575947,0.567428792785115,0.663617891941867
"629",2021-11-10,0.485026501658561,0.566290990459193,0.567840703751899,0.664248061330445
"630",2021-11-11,0.485207117427577,0.566555774013087,0.568243215111422,0.664886775567856
"631",2021-11-12,0.485360120845717,0.566791093855548,0.568625148381616,0.665520204363674
"632",2021-11-13,0.485492272852976,0.567001064855654,0.56898790633022,0.666146851719214
"633",2021-11-14,0.485619611666394,0.567199383881546,0.569341116929714,0.666773280933183
"634",2021-11-15,0.485701869343927,0.567355319778729,0.569659954783754,0.667371685846233
"635",2021-11-16,0.4857481763278,0.56747042711398,0.569947052509842,0.667941765258207
"636",2021-11-17,0.485749542802649,0.567536375685704,0.570195491647736,0.668473719883118
"637",2021-11-18,0.485694680815308,0.567542494702375,0.570395371906536,0.668954889289866
"638",2021-11-19,0.485587826001987,0.567492176057793,0.570548499690587,0.66938458065506
"639",2021-11-20,0.485446925083245,0.567401260312005,0.570667524164781,0.669773169731532
"640",2021-11-21,0.485292527825637,0.567288437117893,0.570765649497665,0.670131902233584
"641",2021-11-22,0.485096954182517,0.567123247245669,0.570804786850086,0.670420917532529
"642",2021-11-23,0.48486744058131,0.566930043770772,0.570819616278536,0.670673441817038
"643",2021-11-24,0.484619094022615,0.566715600033996,0.570821230241166,0.670899432689266
"644",2021-11-25,0.484355495642149,0.566482954049718,0.570813647189709,0.671102104934976
"645",2021-11-26,0.484079206744661,0.566236819226886,0.570804319884994,0.671288349134294
"646",2021-11-27,0.483800333769006,0.565983023895161,0.570795400548146,0.671460104029481
"647",2021-11-28,0.483526770767623,0.565728534568741,0.570788903436038,0.671619310601566
"648",2021-11-29,0.483236478444755,0.565460870876744,0.570778870723672,0.671760133063098
"649",2021-11-30,0.482943283752674,0.565187363697711,0.570773497710142,0.671891032396429
"650",2021-12-01,0.482646882197611,0.564907935983038,0.570772674298245,0.672012339426888
"651",2021-12-02,0.482349160067063,0.564625299725966,0.570776806028238,0.672124937786299
"652",2021-12-03,0.482051987074498,0.564341297438434,0.570790737692059,0.672234243676118
"653",2021-12-04,0.481758633960564,0.564056262220624,0.57081362411487,0.672340014512799
"654",2021-12-05,0.481475901517998,0.563776913053043,0.570847347691181,0.672444804809514
"655",2021-12-06,0.481195486716894,0.563506630421128,0.570916271240411,0.672573615095029
"656",2021-12-07,0.480917037204486,0.563232580455241,0.570998024751999,0.672704755437929
"657",2021-12-08,0.48063981069192,0.562954822202884,0.571088047571741,0.67283428134263
"658",2021-12-09,0.480363204290435,0.562673948683116,0.57118838466506,0.672964871621384
"659",2021-12-10,0.480088987483621,0.562390375794418,0.571300184285088,0.673098286414999
"660",2021-12-11,0.479819652330002,0.562106660643357,0.571425299522194,0.673236935058109
"661",2021-12-12,0.479561416907821,0.561830530389636,0.571563813926247,0.673381430803476
"662",2021-12-13,0.479293385958817,0.561542563338081,0.571706407297285,0.673522932729177
"663",2021-12-14,0.479029143730449,0.561255630413639,0.571869659352798,0.673678457264469
"664",2021-12-15,0.478767280629042,0.560969742894298,0.572057087704356,0.67385201174504
"665",2021-12-16,0.478507909002585,0.560682499616319,0.572272871046867,0.674048183078011
"666",2021-12-17,0.478256034186594,0.560399961088114,0.572525754609269,0.674276104370551
"667",2021-12-18,0.478015423865081,0.560126465886975,0.572818382380815,0.674538851233148
"668",2021-12-19,0.477796549781678,0.559871997621247,0.57314783590051,0.674833860874525
"669",2021-12-20,0.477574489993003,0.559614650219558,0.57350798004417,0.675155295180932
"670",2021-12-21,0.477367227104827,0.559371225001759,0.573921501060783,0.675526125436759
"671",2021-12-22,0.477173883426401,0.55914050707891,0.574395502084803,0.675953700446583
"672",2021-12-23,0.476991100152587,0.558919893179355,0.574929813526271,0.676438058525819
"673",2021-12-24,0.476820053418605,0.55871083624617,0.575528944776225,0.676983922466358
"674",2021-12-25,0.476664577660157,0.558517049005298,0.576197192608875,0.677595727521803
"675",2021-12-26,0.476531663261746,0.558344157692074,0.576927268355366,0.678266316047331
"676",2021-12-27,0.476399398909329,0.558175102408162,0.577710225426854,0.67898684677904
"677",2021-12-28,0.476288483316136,0.55802720446951,0.578562759420097,0.679774071256494
"678",2021-12-29,0.476196950185798,0.5578936430586,0.57942545158939,0.68056862985875
"679",2021-12-30,0.476101631695234,0.557761549147545,0.580327009466333,0.681399256837277
"680",2021-12-31,0.476013720276982,0.55763675589075,0.581276071024617,0.682274517728724
"681",2022-01-01,0.475931098200117,0.557516779424538,0.58226927348901,0.683191038791673
"682",2022-01-02,0.475863701263877,0.557410360956605,0.583308553142351,0.684150710081456
"683",2022-01-03,0.475783731770928,0.557294540103796,0.584366059850755,0.685125570156555
"684",2022-01-04,0.475702582104263,0.557177702543817,0.585447956574594,0.686121717403689
"685",2022-01-05,0.475621048030769,0.557061118560228,0.586550319215849,0.687135114820482
"686",2022-01-06,0.475536446766079,0.556942575135469,0.587666051204169,0.688158517300133
"687",2022-01-07,0.475462076987979,0.556835183346146,0.588802002750946,0.689198704599928
"688",2022-01-08,0.475395761863519,0.556736152546889,0.589955725505629,0.690253134120789
"689",2022-01-09,0.475358063149567,0.55666405607309,0.591144436479167,0.691338927897538
"690",2022-01-10,0.475314119819325,0.556589326635129,0.592332736070162,0.692420602101875
"691",2022-01-11,0.475268762460308,0.556514071951352,0.593521938115736,0.693499446761502
"692",2022-01-12,0.475239806760893,0.556457856314733,0.594777970466015,0.694641341759492
"693",2022-01-13,0.475214759603304,0.556404908439027,0.596022882909967,0.695768402515286
"694",2022-01-14,0.475196355452224,0.556353737421591,0.597205890658255,0.696829901033068
"695",2022-01-15,0.475162667257695,0.556282279488286,0.598280379023121,0.697779366597012
"696",2022-01-16,0.475111038472163,0.55619370884725,0.599308808808954,0.698679491817111
"697",2022-01-17,0.475045325392005,0.556101098834065,0.600338289352636,0.699577577870459
"698",2022-01-18,0.47499612955623,0.556026696959471,0.601396919459059,0.700501994720228
"699",2022-01-19,0.474974625094218,0.555979812720256,0.602488703968527,0.701457106123195
"700",2022-01-20,0.474967217567898,0.555947161477048,0.603589428921563,0.702419038291427
"701",2022-01-21,0.474973577907514,0.555922806305578,0.604642605177283,0.703331689747131
"702",2022-01-22,0.47494969724947,0.555863003845451,0.605576696595362,0.704123918751912
"703",2022-01-23,0.474895117045902,0.555777242226606,0.606478329782222,0.704882723910339
"704",2022-01-24,0.474842312127759,0.555700399623998,0.607395494712574,0.705656435647428
"705",2022-01-25,0.474811878951582,0.555647963386385,0.608351847275886,0.70646909414776
"706",2022-01-26,0.474813489225626,0.555628194820449,0.609355312406111,0.707328970501133
"707",2022-01-27,0.474841908730447,0.555631382660495,0.610350440880278,0.708180964196687
"708",2022-01-28,0.474900121217871,0.555679062481474,0.611459151146924,0.709147308043723
"709",2022-01-29,0.475028437163163,0.555804684991228,0.612742804105506,0.710289611477926
"710",2022-01-30,0.475219505774417,0.555994587660483,0.614124160703977,0.711530866534531
"711",2022-01-31,0.475423869217253,0.556203193157339,0.615529829830923,0.712797812381568
"712",2022-02-01,0.475638237319193,0.556424678015817,0.616953592023618,0.714084311616417
"713",2022-02-02,0.475872880921662,0.556669240290955,0.618405416184525,0.71540038891078
"714",2022-02-03,0.476130135315748,0.556940268048308,0.619899081916555,0.716759865475451
"715",2022-02-04,0.476437578582991,0.557263995420677,0.621515085606746,0.718243251442941
"716",2022-02-05,0.47681413179093,0.557660638871756,0.623307983309989,0.719905134547915
"717",2022-02-06,0.477242961813867,0.558109267771861,0.625166529503216,0.72163428443262
"718",2022-02-07,0.477673260135575,0.558564723833919,0.62702379485642,0.723363759564658
"719",2022-02-08,0.478087230904866,0.559006194964938,0.628854225276596,0.725068006354301
"720",2022-02-09,0.478490179407206,0.559438777698257,0.630662590826118,0.726751770844391
"721",2022-02-10,0.478901196288746,0.55988328925442,0.632528416637161,0.728494541742158
"722",2022-02-11,0.479292000535446,0.560302241197879,0.634354917400161,0.730199527691467
"723",2022-02-12,0.479655328114888,0.560687508383562,0.63613963050889,0.731864289315852
"724",2022-02-13,0.480025143611802,0.561078845049911,0.637921274607089,0.733527635577171
"725",2022-02-14,0.480367362092887,0.561445837579804,0.639654967899429,0.735144879663474
"726",2022-02-15,0.480669824713976,0.561774009149694,0.641320557495374,0.736696213026907
"727",2022-02-16,0.48093570607658,0.562065048965207,0.642917691308204,0.738181791328894
"728",2022-02-17,0.481168765247474,0.562320067584628,0.644446912164047,0.739602924343079
"729",2022-02-18,0.481365724875081,0.562542495208071,0.645910780526383,0.740963119773318
"730",2022-02-19,0.48150743329829,0.562715483281941,0.647291490830114,0.742245818707154
"731",2022-02-20,0.481635330332863,0.562874068556701,0.64863585741426,0.743499242765033
"732",2022-02-21,0.481742547871455,0.563014708334758,0.649933247017591,0.744714347100615
"733",2022-02-22,0.48182791721068,0.563135425738249,0.651170731474546,0.745880000741045
"734",2022-02-23,0.481893185670518,0.563236437150013,0.652345027026691,0.746994941791484
"735",2022-02-24,0.481935348892055,0.563314551882924,0.653449113242719,0.748054223739121
"736",2022-02-25,0.481952766400953,0.56337449584491,0.654487434167132,0.749064443440244
"737",2022-02-26,0.48193068778351,0.563404484399793,0.655449234322461,0.750017124724008
"738",2022-02-27,0.481903938420152,0.563427394606732,0.656371053822675,0.750951124536604
"739",2022-02-28,0.481858812881631,0.563435023906525,0.657227314705983,0.751843172223928
"740",2022-03-01,0.481794492822267,0.563424515226506,0.658009624770474,0.752687145193588
"741",2022-03-02,0.48171327368621,0.563395608966576,0.658717077566918,0.753484360904415
"742",2022-03-03,0.481612609306783,0.563348590579521,0.659349968882941,0.754237596276316
"743",2022-03-04,0.481490795378244,0.563281593019263,0.659905397149838,0.754946781490236
"744",2022-03-05,0.481337289054142,0.563185218468159,0.660376877903716,0.755608989326331
