"","Accession_ID","date","binding_score","escape_score","label_mut","VOC"
"182","EPI_ISL_3030299",2021-06-01,-0.15,0.513390208769995,"K417N-E484K-N501Y","Beta"
"502","EPI_ISL_3495303",2021-03-14,-0.15,0.513390208769995,"K417N-E484K-N501Y","Beta"
"504","EPI_ISL_3495389",2021-05-03,-0.15,0.513390208769995,"K417N-E484K-N501Y","Beta"
"876","EPI_ISL_7025331",2021-04-06,-0.15,0.513390208769995,"K417N-E484K-N501Y","Beta"
"927","EPI_ISL_7019070",2021-08-24,-0.15,0.513390208769995,"K417N-E484K-N501Y","Beta"
"10575","EPI_ISL_1222841",2021-02-21,-0.21,0.143069225096525,"K417N-N501Y","Beta"
"10857","EPI_ISL_1222924",2021-02-25,-0.15,0.513390208769995,"K417N-E484K-N501Y","Beta"
"10871","EPI_ISL_1222840",2021-02-21,-0.15,0.513390208769995,"K417N-E484K-N501Y","Beta"
"14161","EPI_ISL_1372541",2021-03-18,-0.15,0.513390208769995,"K417N-E484K-N501Y","Beta"
"14182","EPI_ISL_1379439",2021-01-29,NA,NA,NA,"Beta"
"14451","EPI_ISL_1379440",2021-01-29,-0.15,0.513390208769995,"K417N-E484K-N501Y","Beta"
"14830","EPI_ISL_1403610",2021-02-10,-0.39,0.47376979448428,"K417N-E484K","Beta"
"14938","EPI_ISL_1408885",2021-03-03,-0.15,0.513390208769995,"K417N-E484K-N501Y","Beta"
"15656","EPI_ISL_1461268",2021-03-13,-0.15,0.513390208769995,"K417N-E484K-N501Y","Beta"
"15661","EPI_ISL_1461270",2021-03-14,-0.15,0.513390208769995,"K417N-E484K-N501Y","Beta"
"15680","EPI_ISL_1461269",2021-03-13,-0.15,0.513390208769995,"K417N-E484K-N501Y","Beta"
"15758","EPI_ISL_1489762",2021-03-16,-0.15,0.513390208769995,"K417N-E484K-N501Y","Beta"
"15763","EPI_ISL_1489803",2021-03-19,-0.15,0.513390208769995,"K417N-E484K-N501Y","Beta"
"15787","EPI_ISL_1489781",2021-03-18,-0.15,0.513390208769995,"K417N-E484K-N501Y","Beta"
"15792","EPI_ISL_1489792",2021-03-19,-0.15,0.513390208769995,"K417N-E484K-N501Y","Beta"
"15930","EPI_ISL_1494675",2021-03-20,-0.15,0.513390208769995,"K417N-E484K-N501Y","Beta"
"16735","EPI_ISL_1524510",2021-03-17,-0.15,0.513390208769995,"K417N-E484K-N501Y","Beta"
"16867","EPI_ISL_1523577",2021-03-11,-0.15,0.513390208769995,"K417N-E484K-N501Y","Beta"
"17538","EPI_ISL_1545763",2021-03-23,-0.15,0.513390208769995,"K417N-E484K-N501Y","Beta"
"17599","EPI_ISL_1545721",2021-03-26,-0.15,0.513390208769995,"K417N-E484K-N501Y","Beta"
"17936","EPI_ISL_1545737",2021-03-25,-0.15,0.513390208769995,"K417N-E484K-N501Y","Beta"
"18373","EPI_ISL_1578464",2021-03-15,-0.15,0.513390208769995,"K417N-E484K-N501Y","Beta"
"18665","EPI_ISL_1599180",2021-02-18,-0.15,0.513390208769995,"K417N-E484K-N501Y","Beta"
"19560","EPI_ISL_1655935",2021-04-01,-0.15,0.513390208769995,"K417N-E484K-N501Y","Beta"
"19683","EPI_ISL_1656473",2021-04-07,-0.15,0.513390208769995,"K417N-E484K-N501Y","Beta"
"20087","EPI_ISL_1672842",2021-04-08,-0.15,0.513390208769995,"K417N-E484K-N501Y","Beta"
"21252","EPI_ISL_1745327",2021-04-17,-0.15,0.513390208769995,"K417N-E484K-N501Y","Beta"
"21277","EPI_ISL_1745304",2021-04-12,-0.15,0.513390208769995,"K417N-E484K-N501Y","Beta"
"22011","EPI_ISL_1793216",2021-04-11,-0.15,0.513390208769995,"K417N-E484K-N501Y","Beta"
"22206","EPI_ISL_1804987",2021-04-19,-0.15,0.513390208769995,"K417N-E484K-N501Y","Beta"
"22952","EPI_ISL_1909220",2021-03-15,-0.15,0.513390208769995,"K417N-E484K-N501Y","Beta"
"23732","EPI_ISL_2018940",2021-04-23,-0.15,0.513390208769995,"K417N-E484K-N501Y","Beta"
"23754","EPI_ISL_2018942",2021-04-22,-0.15,0.513390208769995,"K417N-E484K-N501Y","Beta"
"23792","EPI_ISL_2007345",2021-04-09,-0.15,0.513390208769995,"K417N-E484K-N501Y","Beta"
"24310","EPI_ISL_2029502",2021-04-09,-0.15,0.513390208769995,"K417N-E484K-N501Y","Beta"
"24721","EPI_ISL_2091016",2021-04-23,-0.15,0.513390208769995,"K417N-E484K-N501Y","Beta"
"25325","EPI_ISL_2146023",2021-05-06,-0.15,0.513390208769995,"K417N-E484K-N501Y","Beta"
"25407","EPI_ISL_2146025",2021-05-06,-0.15,0.513390208769995,"K417N-E484K-N501Y","Beta"
"25485","EPI_ISL_2146027",2021-05-06,-0.15,0.513390208769995,"K417N-E484K-N501Y","Beta"
"26280","EPI_ISL_2194287",2021-05-03,-0.15,0.513390208769995,"K417N-E484K-N501Y","Beta"
"27138","EPI_ISL_2246274",2021-05-12,NA,NA,NA,"Beta"
"27730","EPI_ISL_2285374",2021-05-07,-0.15,0.513390208769995,"K417N-E484K-N501Y","Beta"
"27800","EPI_ISL_2285340",2021-04-22,-0.15,0.513390208769995,"K417N-E484K-N501Y","Beta"
"27844","EPI_ISL_2285339",2021-04-22,-0.15,0.513390208769995,"K417N-E484K-N501Y","Beta"
"27911","EPI_ISL_2281957",2021-05-09,-0.15,0.513390208769995,"K417N-E484K-N501Y","Beta"
"28105","EPI_ISL_2318939",2021-05-10,-0.15,0.513390208769995,"K417N-E484K-N501Y","Beta"
"28156","EPI_ISL_2318940",2021-05-10,-0.15,0.513390208769995,"K417N-E484K-N501Y","Beta"
"28168","EPI_ISL_2318941",2021-05-10,-0.15,0.513390208769995,"K417N-E484K-N501Y","Beta"
"28816","EPI_ISL_2376400",2021-05-02,-0.15,0.513390208769995,"K417N-E484K-N501Y","Beta"
"29105","EPI_ISL_2392013",2021-04-17,-0.21,0.143069225096525,"K417N-N501Y","Beta"
"29378","EPI_ISL_2448443",2021-04-23,-0.15,0.513390208769995,"K417N-E484K-N501Y","Beta"
"29468","EPI_ISL_2448442",2021-04-23,-0.39,0.47376979448428,"K417N-E484K","Beta"
"29820","EPI_ISL_2450378",2021-05-15,-0.15,0.513390208769995,"K417N-E484K-N501Y","Beta"
"30295","EPI_ISL_2483754",2021-05-18,-0.15,0.513390208769995,"K417N-E484K-N501Y","Beta"
"30338","EPI_ISL_2501859",2021-05-22,-0.15,0.513390208769995,"K417N-E484K-N501Y","Beta"
"30544","EPI_ISL_2550715",2021-05-19,NA,NA,NA,"Beta"
"31027","EPI_ISL_2567592",2021-04-26,-0.15,0.513390208769995,"K417N-E484K-N501Y","Beta"
"31137","EPI_ISL_2602434",2021-05-18,-0.15,0.513390208769995,"K417N-E484K-N501Y","Beta"
"31317","EPI_ISL_2620953",2021-04-28,-0.15,0.513390208769995,"K417N-E484K-N501Y","Beta"
"31367","EPI_ISL_2621520",2021-03-22,NA,NA,NA,"Beta"
"31397","EPI_ISL_2621522",2021-03-16,NA,NA,NA,"Beta"
"31406","EPI_ISL_2620705",2021-04-29,-0.15,0.513390208769995,"K417N-E484K-N501Y","Beta"
"31453","EPI_ISL_2638109",2021-06-01,-0.15,0.513390208769995,"K417N-E484K-N501Y","Beta"
"32780","EPI_ISL_2720399",2021-04-12,NA,NA,NA,"Beta"
"33059","EPI_ISL_2774216",2021-06-14,-0.15,0.513390208769995,"K417N-E484K-N501Y","Beta"
"34766","EPI_ISL_2925994",2021-06-29,-0.15,0.513390208769995,"K417N-E484K-N501Y","Beta"
"34980","EPI_ISL_2966807",2021-05-13,NA,NA,NA,"Beta"
"35065","EPI_ISL_1012924",2021-01-30,-0.15,0.513390208769995,"K417N-E484K-N501Y","Beta"
"35306","EPI_ISL_1049261",2021-02-11,-0.15,0.513390208769995,"K417N-E484K-N501Y","Beta"
"36739","EPI_ISL_1110299",2021-02-11,-0.15,0.513390208769995,"K417N-E484K-N501Y","Beta"
"36809","EPI_ISL_1110316",2021-02-13,-0.15,0.513390208769995,"K417N-E484K-N501Y","Beta"
"36838","EPI_ISL_1118255",2021-02-10,-0.15,0.513390208769995,"K417N-E484K-N501Y","Beta"
"36869","EPI_ISL_1118259",2021-02-13,-0.15,0.513390208769995,"K417N-E484K-N501Y","Beta"
"36895","EPI_ISL_1118258",2021-02-11,-0.15,0.513390208769995,"K417N-E484K-N501Y","Beta"
"36967","EPI_ISL_1118256",2021-02-09,-0.15,0.513390208769995,"K417N-E484K-N501Y","Beta"
"36993","EPI_ISL_1110315",2021-02-13,-0.15,0.513390208769995,"K417N-E484K-N501Y","Beta"
"37203","EPI_ISL_1163689",2021-02-23,-0.15,0.513390208769995,"K417N-E484K-N501Y","Beta"
"38737","EPI_ISL_3030378",2021-05-10,-0.15,0.513390208769995,"K417N-E484K-N501Y","Beta"
"38874","EPI_ISL_3045905",2021-02-16,-0.15,0.513390208769995,"K417N-E484K-N501Y","Beta"
"38982","EPI_ISL_3061204",2021-05-22,-0.15,0.513390208769995,"K417N-E484K-N501Y","Beta"
"48578","EPI_ISL_3215196",2021-06-03,-0.15,0.513390208769995,"K417N-E484K-N501Y","Beta"
"48672","EPI_ISL_3230208",2021-04-07,-0.15,0.513390208769995,"K417N-E484K-N501Y","Beta"
"48879","EPI_ISL_3242443",2021-05-22,-0.15,0.513390208769995,"K417N-E484K-N501Y","Beta"
"50139","EPI_ISL_3274382",2021-02-18,-0.15,0.513390208769995,"K417N-E484K-N501Y","Beta"
"50223","EPI_ISL_3274374",2021-02-18,NA,NA,NA,"Beta"
"64884","EPI_ISL_5101090",2021-03-09,-0.15,0.513390208769995,"K417N-E484K-N501Y","Beta"
"68380","EPI_ISL_1222887",2021-02-24,-0.15,0.513390208769995,"K417N-E484K-N501Y","Beta"
"68495","EPI_ISL_1222870",2021-02-23,-0.45,0.103448810810811,"K417N","Beta"
"68581","EPI_ISL_1489758",2021-03-16,-0.15,0.513390208769995,"K417N-E484K-N501Y","Beta"
"68793","EPI_ISL_6202082",2021-05-03,-0.15,0.513390208769995,"K417N-E484K-N501Y","Beta"
"73991","EPI_ISL_7043650",2021-02-05,-0.15,0.513390208769995,"K417N-E484K-N501Y","Beta"
"74244","EPI_ISL_7019007",2021-04-06,-0.15,0.513390208769995,"K417N-E484K-N501Y","Beta"
"74296","EPI_ISL_7066072",2021-04-10,-0.15,0.513390208769995,"K417N-E484K-N501Y","Beta"
"74898","EPI_ISL_7236477",2021-06-21,-0.15,0.513390208769995,"K417N-E484K-N501Y","Beta"
"75319","EPI_ISL_7313911",2021-06-21,NA,NA,NA,"Beta"
"76711","EPI_ISL_7635946",2021-05-26,-0.15,0.513390208769995,"K417N-E484K-N501Y","Beta"
"76753","EPI_ISL_7635938",2021-05-27,-0.15,0.513390208769995,"K417N-E484K-N501Y","Beta"
"77342","EPI_ISL_7672173",2021-06-02,-0.15,0.513390208769995,"K417N-E484K-N501Y","Beta"
"77928","EPI_ISL_7672443",2021-05-01,-0.15,0.513390208769995,"K417N-E484K-N501Y","Beta"
"79783","EPI_ISL_7810011",2021-03-01,NA,NA,NA,"Beta"
"79839","EPI_ISL_7809897",2021-03-18,-0.15,0.513390208769995,"K417N-E484K-N501Y","Beta"
"79931","EPI_ISL_7809898",2021-03-18,NA,NA,NA,"Beta"
"84649","EPI_ISL_8592281",2021-02-25,-0.15,0.513390208769995,"K417N-E484K-N501Y","Beta"
"84726","EPI_ISL_8594193",2021-03-22,-0.15,0.513390208769995,"K417N-E484K-N501Y","Beta"
"84730","EPI_ISL_8593657",2021-03-02,-0.15,0.513390208769995,"K417N-E484K-N501Y","Beta"
"84821","EPI_ISL_8670400",2021-03-02,-0.15,0.513390208769995,"K417N-E484K-N501Y","Beta"
"85042","EPI_ISL_8665191",2021-03-31,-0.15,0.513390208769995,"K417N-E484K-N501Y","Beta"
"85048","EPI_ISL_8664850",2021-03-09,-0.15,0.513390208769995,"K417N-E484K-N501Y","Beta"
"85098","EPI_ISL_8782920",2021-03-30,-0.15,0.513390208769995,"K417N-E484K-N501Y","Beta"
"85289","EPI_ISL_8615682",2021-03-09,-0.15,0.513390208769995,"K417N-E484K-N501Y","Beta"
"85298","EPI_ISL_8615753",2021-03-26,-0.15,0.513390208769995,"K417N-E484K-N501Y","Beta"
"85304","EPI_ISL_8618479",2021-03-22,-0.15,0.513390208769995,"K417N-E484K-N501Y","Beta"
"85306","EPI_ISL_8618511",2021-03-29,-0.15,0.513390208769995,"K417N-E484K-N501Y","Beta"
"85307","EPI_ISL_8618515",2021-03-29,-0.15,0.513390208769995,"K417N-E484K-N501Y","Beta"
"85313","EPI_ISL_8619100",2021-03-09,-0.15,0.513390208769995,"K417N-E484K-N501Y","Beta"
"85315","EPI_ISL_8618508",2021-03-29,-0.15,0.513390208769995,"K417N-E484K-N501Y","Beta"
"85373","EPI_ISL_8623535",2021-03-31,-0.15,0.513390208769995,"K417N-E484K-N501Y","Beta"
"85374","EPI_ISL_8623533",2021-03-22,-0.15,0.513390208769995,"K417N-E484K-N501Y","Beta"
"85375","EPI_ISL_8623534",2021-03-29,-0.15,0.513390208769995,"K417N-E484K-N501Y","Beta"
"85380","EPI_ISL_8618518",2021-03-30,-0.15,0.513390208769995,"K417N-E484K-N501Y","Beta"
"85517","EPI_ISL_8824269",2021-03-09,-0.15,0.513390208769995,"K417N-E484K-N501Y","Beta"
"85528","EPI_ISL_8824261",2021-03-22,-0.15,0.513390208769995,"K417N-E484K-N501Y","Beta"
"85636","EPI_ISL_8891291",2021-03-09,-0.15,0.513390208769995,"K417N-E484K-N501Y","Beta"
"85639","EPI_ISL_8900507",2021-03-09,-0.15,0.513390208769995,"K417N-E484K-N501Y","Beta"
"85646","EPI_ISL_8901510",2021-03-30,-0.15,0.513390208769995,"K417N-E484K-N501Y","Beta"
"100671","EPI_ISL_12903268",2021-04-30,-0.15,0.513390208769995,"K417N-E484K-N501Y","Beta"
"106733","EPI_ISL_13620683",2021-05-03,-0.15,0.513390208769995,"K417N-E484K-N501Y","Beta"
"106792","EPI_ISL_13620678",2021-05-03,-0.15,0.513390208769995,"K417N-E484K-N501Y","Beta"
"106796","EPI_ISL_13620684",2021-05-03,-0.15,0.513390208769995,"K417N-E484K-N501Y","Beta"
"119725","EPI_ISL_14932532",2021-03-31,-0.15,0.513390208769995,"K417N-E484K-N501Y","Beta"
